gov_action1zhuz5djmmmjg8f9s8pe6grfc98xg3szglums8cgm6qwancp4eytqqmpu0pr,15f82a365bdee483a4b03873a40d3829cc88c048ff3703e11bd01dd9e035c916,0,,100000000000,45dee6ee5d7f631b6226d45f29da411c42fa7e816dc0948d31e0dba7,507,,Information,"{""deposit"":100000000000,""reward_account"":{""network"":""Mainnet"",""payload"":{""StakeKeyHash"":""45dee6ee5d7f631b6226d45f29da411c42fa7e816dc0948d31e0dba7""}},""gov_action_id"":{""transaction_id"":""15f82a365bdee483a4b03873a40d3829cc88c048ff3703e11bd01dd9e035c916"",""action_index"":0},""gov_action"":""Information"",""anchor"":{""url"":""ipfs://QmWjcHsrq9kKHZZ7aPPFjqN6wLuxH9d8bcqssmrE7H4cvb"",""data_hash"":""2f98f57c4149fdfed2b73cbd821226fe417ef5ed49d8f836a37b31edf14dea47""}}",,,,,Some(514),cy2/n0/a1:dy8971134676473/n220807337570898/a28653074063371:sy156770300966308/n1482461784403994/a27102517904169,c0:d1:s1
gov_action1t87n2vjnavthuggyarerafxx8c7n9mu4c7r96qlfp5uggsjdc8dsqymg588,59fd353253eb177e2104e8f23ea4c63e3d32ef95c7865d03e90d3884424dc1db,0,,100000000000,2058a6f90d7f85735fe3c0f2db06e90c25dfb06e5b1a61e67bb4fe23,510,,Information,"{""deposit"":100000000000,""reward_account"":{""network"":""Mainnet"",""payload"":{""StakeKeyHash"":""2058a6f90d7f85735fe3c0f2db06e90c25dfb06e5b1a61e67bb4fe23""}},""gov_action_id"":{""transaction_id"":""59fd353253eb177e2104e8f23ea4c63e3d32ef95c7865d03e90d3884424dc1db"",""action_index"":0},""gov_action"":""Information"",""anchor"":{""url"":""https://c-ipfs-gw.nmkr.io/ipfs/QmXdfDSSkR8TYBntMT4nuTL9sE9E44FJnpWVpaY8ZTfwjj"",""data_hash"":""d4efa9e0c3d80f5be35def08551eaf5aef17eae832fdb835e5f4b208d98f3dff""}}",,,,,Some(517),cy3/n0/a3:dy239372032038196/n2028935641783/a8814655430284:sy875771108730453/n2218103279783/a81439064616232,c0:d1:s1
gov_action10lty9xka3unprtvdfrqvcjgsz33sjwhv9p06afqzar8au782trtsq7dhd95,7fd6429add8f2611ad8d48c0cc49101463093aec285faea402e8cfde78ea58d7,0,,100000000000,7a094354239fd5e7b24665158ff7ee2afdfabcc947ba3b64742ffa48,514,,Information,"{""deposit"":100000000000,""reward_account"":{""network"":""Mainnet"",""payload"":{""StakeKeyHash"":""7a094354239fd5e7b24665158ff7ee2afdfabcc947ba3b64742ffa48""}},""gov_action_id"":{""transaction_id"":""7fd6429add8f2611ad8d48c0cc49101463093aec285faea402e8cfde78ea58d7"",""action_index"":0},""gov_action"":""Information"",""anchor"":{""url"":""https://raw.githubusercontent.com/bigpey/CardanoGovernance/refs/heads/main/infoAction3.jsonld"",""data_hash"":""e68cba056c70187e475f05317ce54eeade3376d5b744b32f2c60492b4984b4bf""}}",,,,,Some(521),cy0/n3/a2:dy144561249982546/n310448207627996/a104407616914975:sy544996208583580/n1043351751274733/a95232889230901,c0:d1:s1
gov_action1286ft23r7jem825s4l0y5rn8sgam0tz2ce04l7a38qmnhp3l9a6qqn850dw,51f495aa23f4b3b3aa90afde4a0e67823bb7ac4ac65f5ffbb138373b863f2f74,0,,100000000000,11ce01cd0e4dbba24d7f99d3516ae9229f0199ed4b9315fe4693b64b,518,,ParameterChange,"{""deposit"":100000000000,""reward_account"":{""network"":""Mainnet"",""payload"":{""StakeKeyHash"":""11ce01cd0e4dbba24d7f99d3516ae9229f0199ed4b9315fe4693b64b""}},""gov_action_id"":{""transaction_id"":""51f495aa23f4b3b3aa90afde4a0e67823bb7ac4ac65f5ffbb138373b863f2f74"",""action_index"":0},""gov_action"":{""ParameterChange"":{""previous_action_id"":null,""protocol_param_update"":{""cost_models_for_script_languages"":{""plutus_v1"":null,""plutus_v2"":null,""plutus_v3"":[100788,420,1,1,1000,173,0,1,1000,59957,4,1,11183,32,201305,8356,4,16000,100,16000,100,16000,100,16000,100,16000,100,16000,100,100,100,16000,100,94375,32,132994,32,61462,4,72010,178,0,1,22151,32,91189,769,4,2,85848,123203,7305,-900,1716,549,57,85848,0,1,1,1000,42921,4,2,24548,29498,38,1,898148,27279,1,51775,558,1,39184,1000,60594,1,141895,32,83150,32,15299,32,76049,1,13169,4,22100,10,28999,74,1,28999,74,1,43285,552,1,44749,541,1,33852,32,68246,32,72362,32,7243,32,7391,32,11546,32,85848,123203,7305,-900,1716,549,57,85848,0,1,90434,519,0,1,74433,32,85848,123203,7305,-900,1716,549,57,85848,0,1,1,85848,123203,7305,-900,1716,549,57,85848,0,1,955506,213312,0,2,270652,22588,4,1457325,64566,4,20467,1,4,0,141992,32,100788,420,1,1,81663,32,59498,32,20142,32,24588,32,20744,32,25933,32,24623,32,43053543,10,53384111,14333,10,43574283,26308,10,16000,100,16000,100,962335,18,2780678,6,442008,1,52538055,3756,18,267929,18,76433006,8868,18,52948122,18,1995836,36,3227919,12,901022,1,166917843,4307,36,284546,36,158221314,26549,36,74698472,36,333849714,1,254006273,72,2174038,72,2261318,64571,4,207616,8310,4,1293828,28716,63,0,1,1006041,43623,251,0,1]}},""script_hash"":[250,36,251,48,81,38,128,92,242,22,76,22,29,133,42,14,115,48,207,152,143,31,229,88,207,125,74,100]}},""anchor"":{""url"":""https://raw.githubusercontent.com/IntersectMBO/governance-actions/refs/heads/main/mainnet/2024-10-21-ppu/metadata.jsonld"",""data_hash"":""3e6b1083a637a740d5b84bb6edf1a5119b81440b31ea84907311b6543ebd39eb""}}",,,,,Some(525),cy0/n5/a0:dy0/n0/a0:sy0/n0/a0,c2/3:d0:s0
gov_action1k2jertppnnndejjcglszfqq4yzw8evzrd2nt66rr6rqlz54xp0zsq05ecsn,b2a591ac219ce6dcca5847e0248015209c7cb0436aa6bd6863d0c1f152a60bc5,0,,100000000000,11ce01cd0e4dbba24d7f99d3516ae9229f0199ed4b9315fe4693b64b,519,,ParameterChange,"{""deposit"":100000000000,""reward_account"":{""network"":""Mainnet"",""payload"":{""StakeKeyHash"":""11ce01cd0e4dbba24d7f99d3516ae9229f0199ed4b9315fe4693b64b""}},""gov_action_id"":{""transaction_id"":""b2a591ac219ce6dcca5847e0248015209c7cb0436aa6bd6863d0c1f152a60bc5"",""action_index"":0},""gov_action"":{""ParameterChange"":{""previous_action_id"":null,""protocol_param_update"":{""cost_models_for_script_languages"":{""plutus_v1"":null,""plutus_v2"":null,""plutus_v3"":[100788,420,1,1,1000,173,0,1,1000,59957,4,1,11183,32,201305,8356,4,16000,100,16000,100,16000,100,16000,100,16000,100,16000,100,100,100,16000,100,94375,32,132994,32,61462,4,72010,178,0,1,22151,32,91189,769,4,2,85848,123203,7305,-900,1716,549,57,85848,0,1,1,1000,42921,4,2,24548,29498,38,1,898148,27279,1,51775,558,1,39184,1000,60594,1,141895,32,83150,32,15299,32,76049,1,13169,4,22100,10,28999,74,1,28999,74,1,43285,552,1,44749,541,1,33852,32,68246,32,72362,32,7243,32,7391,32,11546,32,85848,123203,7305,-900,1716,549,57,85848,0,1,90434,519,0,1,74433,32,85848,123203,7305,-900,1716,549,57,85848,0,1,1,85848,123203,7305,-900,1716,549,57,85848,0,1,955506,213312,0,2,270652,22588,4,1457325,64566,4,20467,1,4,0,141992,32,100788,420,1,1,81663,32,59498,32,20142,32,24588,32,20744,32,25933,32,24623,32,43053543,10,53384111,14333,10,43574283,26308,10,16000,100,16000,100,962335,18,2780678,6,442008,1,52538055,3756,18,267929,18,76433006,8868,18,52948122,18,1995836,36,3227919,12,901022,1,166917843,4307,36,284546,36,158221314,26549,36,74698472,36,333849714,1,254006273,72,2174038,72,2261318,64571,4,207616,8310,4,1293828,28716,63,0,1,1006041,43623,251,0,1,100181,726,719,0,1,100181,726,719,0,1,100181,726,719,0,1,107878,680,0,1,95336,1,281145,18848,0,1,180194,159,1,1,158519,8942,0,1,159378,8813,0,1,107490,3298,1,106057,655,1,1964219,24520,3]}},""script_hash"":[250,36,251,48,81,38,128,92,242,22,76,22,29,133,42,14,115,48,207,152,143,31,229,88,207,125,74,100]}},""anchor"":{""url"":""https://raw.githubusercontent.com/IntersectMBO/governance-actions/refs/heads/main/mainnet/2024-11-04-ppu/metadata.jsonld"",""data_hash"":""94deb036c455e4064f7ed4162edbdb7d892ad264094df9a26fd61b5b130d100f""}}",,Some(525),Some(526),,,cy5/n0/a0:dy0/n0/a0:sy0/n0/a0,c2/3:d0:s0
gov_action1llcd7ezdx299xeep9azm4dvsvz7783qfrhykcu3sv2ykl4sewv2qq4myfpk,fff0df644d328a5367212f45bab59060bde3c4091dc96c723062896fd6197314,0,,100000000000,11ce01cd0e4dbba24d7f99d3516ae9229f0199ed4b9315fe4693b64b,522,,Information,"{""deposit"":100000000000,""reward_account"":{""network"":""Mainnet"",""payload"":{""StakeKeyHash"":""11ce01cd0e4dbba24d7f99d3516ae9229f0199ed4b9315fe4693b64b""}},""gov_action_id"":{""transaction_id"":""fff0df644d328a5367212f45bab59060bde3c4091dc96c723062896fd6197314"",""action_index"":0},""gov_action"":""Information"",""anchor"":{""url"":""https://raw.githubusercontent.com/IntersectMBO/governance-actions/refs/heads/main/mainnet/2024-11-19-infohf/metadata.jsonld"",""data_hash"":""93106d082a93e94df5aff74f678438bae3a647dac63465fbfcde6a3058f41a1e""}}",,,,,Some(529),cy6/n0/a1:dy1662309604816396/n3240479257792/a104183585725135:sy1628124195597550/n0/a0,c0:d1:s1
gov_action1pvv5wmjqhwa4u85vu9f4ydmzu2mgt8n7et967ph2urhx53r70xusqnmm525,0b19476e40bbbb5e1e8ce153523762e2b6859e7ecacbaf06eae0ee6a447e79b9,0,,100000000000,11ce01cd0e4dbba24d7f99d3516ae9229f0199ed4b9315fe4693b64b,529,,HardForkInitiation,"{""deposit"":100000000000,""reward_account"":{""network"":""Mainnet"",""payload"":{""StakeKeyHash"":""11ce01cd0e4dbba24d7f99d3516ae9229f0199ed4b9315fe4693b64b""}},""gov_action_id"":{""transaction_id"":""0b19476e40bbbb5e1e8ce153523762e2b6859e7ecacbaf06eae0ee6a447e79b9"",""action_index"":0},""gov_action"":{""HardForkInitiation"":{""previous_action_id"":null,""protocol_version"":{""major"":10,""minor"":0}}},""anchor"":{""url"":""https://raw.githubusercontent.com/IntersectMBO/governance-actions/refs/heads/main/mainnet/2024-10-30-hf10/metadata.jsonld"",""data_hash"":""8a1bd37caa6b914a8b569adb63a0f41d8f159c110dc5c8409118a3f087fffb43""}}",,Some(536),Some(537),,,cy7/n0/a0:dy0/n0/a0:sy14409193713024022/n62248540964906/a917440954183897,c2/3:d3/5:s51/100
gov_action133jnaewfsq8x6v08ndd87l2yqryp63r30t2dkceacxx5cply5n7sqzlcyqf,8c653ee5c9800e6d31e79b5a7f7d4400c81d44717ad4db633dc18d4c07e4a4fd,0,,100000000000,11ce01cd0e4dbba24d7f99d3516ae9229f0199ed4b9315fe4693b64b,537,,NewConstitution,"{""deposit"":100000000000,""reward_account"":{""network"":""Mainnet"",""payload"":{""StakeKeyHash"":""11ce01cd0e4dbba24d7f99d3516ae9229f0199ed4b9315fe4693b64b""}},""gov_action_id"":{""transaction_id"":""8c653ee5c9800e6d31e79b5a7f7d4400c81d44717ad4db633dc18d4c07e4a4fd"",""action_index"":0},""gov_action"":{""NewConstitution"":{""previous_action_id"":null,""new_constitution"":{""anchor"":{""url"":""ipfs://bafkreiazhhawe7sjwuthcfgl3mmv2swec7sukvclu3oli7qdyz4uhhuvmy"",""data_hash"":""2a61e2f4b63442978140c77a70daab3961b22b12b63b13949a390c097214d1c5""},""guardrail_script"":[250,36,251,48,81,38,128,92,242,22,76,22,29,133,42,14,115,48,207,152,143,31,229,88,207,125,74,100]}}},""anchor"":{""url"":""ipfs://bafkreiehcekhhsq34ccezwn46brg3euj6tbs4g4yjkav34ukqvbnzaya2a"",""data_hash"":""d085e5af96521ae2670400e76c3a1e4b4eb902139ddaa83bde7580e7e9d7ddec""}}",,Some(541),Some(542),,,cy7/n0/a0:dy3147155733843689/n80277670032839/a173769211483602:sy0/n0/a0,c2/3:d3/4:s0
gov_action1js2s9v92zpxg2rge0y3jt9zy626he2m67x9kx9phw4r942kvsn6sqfym0d7,941502b0aa104c850d197923259444d2b57cab7af18b63143775465aaacc84f5,0,"transaction: b2a591ac219ce6dcca5847e0248015209c7cb0436aa6bd6863d0c1f152a60bc5, action_index: 0",100000000000,646c9e5f7484e8aeceba94566b73b8b50394eb6bfb54f67ac5885d59,539,,ParameterChange,"{""deposit"":100000000000,""reward_account"":{""network"":""Mainnet"",""payload"":{""StakeKeyHash"":""646c9e5f7484e8aeceba94566b73b8b50394eb6bfb54f67ac5885d59""}},""gov_action_id"":{""transaction_id"":""941502b0aa104c850d197923259444d2b57cab7af18b63143775465aaacc84f5"",""action_index"":0},""gov_action"":{""ParameterChange"":{""previous_action_id"":{""transaction_id"":""b2a591ac219ce6dcca5847e0248015209c7cb0436aa6bd6863d0c1f152a60bc5"",""action_index"":0},""protocol_param_update"":{""treasury_growth_rate"":[1,10]},""script_hash"":[250,36,251,48,81,38,128,92,242,22,76,22,29,133,42,14,115,48,207,152,143,31,229,88,207,125,74,100]}},""anchor"":{""url"":""ipfs://QmcKQggcpouuhAAvUYGDzoKgMwbZSkWqiEeE6c67SJ3kEq"",""data_hash"":""9b2438f0032a0c24ed62d12d6bdb79b47e2bd0c4d2dd4f4936c055ead7109caf""}}",,,,,Some(546),cy2/n5/a0:dy939990053651256/n1965627054695765/a284188967365253:sy0/n0/a0,c2/3:d67/100:s0
gov_action12meeq4r43udremwpm6fzt4nt7fctvt0ah7798x036m2r4nhlccmqqhmr9wx,56f39054758f1a3cedc1de9225d66bf270b62dfdbfbc5399f1d6d43aceffc636,0,,100000000000,11ce01cd0e4dbba24d7f99d3516ae9229f0199ed4b9315fe4693b64b,542,,Information,"{""deposit"":100000000000,""reward_account"":{""network"":""Mainnet"",""payload"":{""StakeKeyHash"":""11ce01cd0e4dbba24d7f99d3516ae9229f0199ed4b9315fe4693b64b""}},""gov_action_id"":{""transaction_id"":""56f39054758f1a3cedc1de9225d66bf270b62dfdbfbc5399f1d6d43aceffc636"",""action_index"":0},""gov_action"":""Information"",""anchor"":{""url"":""ipfs://bafkreiada4nn5eaezg43esieduks6l57vzkjdo2yfby7yxv6jrat7ilrdq"",""data_hash"":""b160033b47dfc31885c297c55ba6b68afaf7561da3070eced93d84ad70d8f5b3""}}",,,,,Some(549),cy3/n1/a3:dy2849267784746103/n47404553333753/a58248658178512:sy646730366107541/n0/a2618952257730,c0:d1:s1
gov_action10ueqgzwenxr39le68n0se9peu92r7gm2846xwehh3u0ahc0qd0uqqyljxu5,7f320409d9998712ff3a3cdf0c9439e1543f236a3d746766f78f1fdbe1e06bf8,0,,100000000000,34e02a2d8ba816a7bc1f7e337271734b200e112fe240d2d2b504113f,546,,Information,"{""deposit"":100000000000,""reward_account"":{""network"":""Mainnet"",""payload"":{""StakeKeyHash"":""34e02a2d8ba816a7bc1f7e337271734b200e112fe240d2d2b504113f""}},""gov_action_id"":{""transaction_id"":""7f320409d9998712ff3a3cdf0c9439e1543f236a3d746766f78f1fdbe1e06bf8"",""action_index"":0},""gov_action"":""Information"",""anchor"":{""url"":""https://raw.githubusercontent.com/blockchainada/ga/refs/heads/main/ga01.jsonld"",""data_hash"":""a2fa375274a2c5efa985a1e9811f27ea1ebf8b8dd88cdf9931a5aa856c73832a""}}",,,,,Some(553),cy1/n4/a1:dy1780269838508229/n1626018423362940/a96196729276630:sy566347694726570/n603581674443045/a879726334116,c0:d1:s1
gov_action1nd3t833j7v5sz65k3tp9yyvztw60sjcjgcgjr37682s3m7frwrusqmd2k80,9b62b3c632f329016a968ac25211825bb4f84b12461121c7da3aa11df92370f9,0,,100000000000,11ce01cd0e4dbba24d7f99d3516ae9229f0199ed4b9315fe4693b64b,547,,Information,"{""deposit"":100000000000,""reward_account"":{""network"":""Mainnet"",""payload"":{""StakeKeyHash"":""11ce01cd0e4dbba24d7f99d3516ae9229f0199ed4b9315fe4693b64b""}},""gov_action_id"":{""transaction_id"":""9b62b3c632f329016a968ac25211825bb4f84b12461121c7da3aa11df92370f9"",""action_index"":0},""gov_action"":""Information"",""anchor"":{""url"":""ipfs://bafkreiaqno22swabd3kcqt2awtgwaucdzaagacoemxwadm3exrchhnfite"",""data_hash"":""973452e7c4d204c883c6a9e4c311f72ad6237e827ce05e141f3374c8a04f01bc""}}",,,,,Some(554),cy5/n1/a1:dy3555798499117719/n927833581144205/a266084892066727:sy622342555916988/n942621542016625/a10607703917013,c0:d1:s1
gov_action10k0unljvaej0kd89w7pn0zkgdx59c7xkl0x5q78dzvdtd73u0kmqq5xl5y5,7d9fc9fe4cee64fb34e57783378ac869a85c78d6fbcd4078ed131ab6fa3c7db6,0,,100000000000,eb48b72735ee0e97154ad84fdad93bb27aaf7d052e2f500e4a3bd4a8,554,,Information,"{""deposit"":100000000000,""reward_account"":{""network"":""Mainnet"",""payload"":{""StakeKeyHash"":""eb48b72735ee0e97154ad84fdad93bb27aaf7d052e2f500e4a3bd4a8""}},""gov_action_id"":{""transaction_id"":""7d9fc9fe4cee64fb34e57783378ac869a85c78d6fbcd4078ed131ab6fa3c7db6"",""action_index"":0},""gov_action"":""Information"",""anchor"":{""url"":""https://most-brass-sun.quicknode-ipfs.com/ipfs/QmRrGsZsP5R7cFYFzPXQ9vS2Ux7oTXb1ep1EciLdKqeDWY"",""data_hash"":""30f03001e623d61ae782efe922b21ef79c4a1d06b258fd773d9c762d1a42d9b9""}}",,,,,Some(561),cy6/n0/a1:dy2425490955933534/n2297474620022945/a64913595414068:sy672666725152325/n24241821569730/a888586571923,c0:d1:s1
gov_action1mmalzkcxpyn33t05hml2hxpwq0ffv6uu4mhe8sv7guz5nmm4afysqlmepzl,defbf15b06092718adf4befeab982e03d2966b9caeef93c19e470549ef75ea49,0,,100000000000,eb48b72735ee0e97154ad84fdad93bb27aaf7d052e2f500e4a3bd4a8,556,,Information,"{""deposit"":100000000000,""reward_account"":{""network"":""Mainnet"",""payload"":{""StakeKeyHash"":""eb48b72735ee0e97154ad84fdad93bb27aaf7d052e2f500e4a3bd4a8""}},""gov_action_id"":{""transaction_id"":""defbf15b06092718adf4befeab982e03d2966b9caeef93c19e470549ef75ea49"",""action_index"":0},""gov_action"":""Information"",""anchor"":{""url"":""https://most-brass-sun.quicknode-ipfs.com/ipfs/QmaWrgqcQS7jYyLYFpvBiamZ4mCoeasL78qaPASDaJ6dT3"",""data_hash"":""4a4c99645a68d29eab6615ac71191cc92c745f92f97cdaf47890be1bad7487a7""}}",,,,,Some(563),cy0/n7/a0:dy1814353580889176/n1176878238974779/a461607195493589:sy211863729905114/n128435026893983/a800795601962,c0:d1:s1
gov_action1vdlrcftd48qn2zz8egepr6xyfcmxpfz8r69k769gc5mhg662adesq9yy8pl,637e3c256da9c1350847ca3211e8c44e3660a4471e8b6f68a8c537746b4aeb73,0,,100000000000,29b3155178e987f4eb0e8b60bb5ef4498d960145fa23156744c89122,556,,Information,"{""deposit"":100000000000,""reward_account"":{""network"":""Mainnet"",""payload"":{""StakeKeyHash"":""29b3155178e987f4eb0e8b60bb5ef4498d960145fa23156744c89122""}},""gov_action_id"":{""transaction_id"":""637e3c256da9c1350847ca3211e8c44e3660a4471e8b6f68a8c537746b4aeb73"",""action_index"":0},""gov_action"":""Information"",""anchor"":{""url"":""https://ipfs.io/ipfs/bafkreieu47jw2qoxmqz67qyhhj4pi7fssuth5s4mm42qleqtw5tuzs3pgu"",""data_hash"":""ec7179c11582daa390e6d0c3f3cc46b0116d96aadcc74e02aa8d8e91434ab7af""}}",,,,,Some(563),cy6/n0/a1:dy2063455667008172/n1632235923043398/a145991747762932:sy130291633488926/n257125277926045/a71298578525921,c0:d1:s1
gov_action1h4ygjv0hjfj3lmafcm76rpdzcm8vsvj9k5wejn3npyxwxm3fesnqqw9kxxz,bd488931f792651fefa9c6fda185a2c6cec83245b51d994e33090ce36e29cc26,0,,100000000000,58e8e98c65b608a9a9ebdea42f07ddb4ca898aefaa10f4d0145b995e,556,,Information,"{""deposit"":100000000000,""reward_account"":{""network"":""Mainnet"",""payload"":{""ScriptHash"":""58e8e98c65b608a9a9ebdea42f07ddb4ca898aefaa10f4d0145b995e""}},""gov_action_id"":{""transaction_id"":""bd488931f792651fefa9c6fda185a2c6cec83245b51d994e33090ce36e29cc26"",""action_index"":0},""gov_action"":""Information"",""anchor"":{""url"":""ipfs://bafkreibqma7t2k4rcywvx5afukahhi3dp2so2ugh7t4ljuawhanvk7sr34"",""data_hash"":""7d2f344f3651a8372ad603abf11fcb310fb3c5154a6592591d1ff97d951156e3""}}",,,,,Some(563),cy6/n0/a1:dy4500048611264804/n31848673410621/a45099889469182:sy569746862334739/n0/a0,c0:d1:s1
gov_action1fpqwxp2kxvnntr8hpkh9q9djm78ccdww7qlhg5safugh4stmcwzqql5lauu,4840e305563327358cf70dae5015b2df8f8c35cef03f74521d4f117ac17bc384,0,,100000000000,3c8a5edce816ddfd8f1090488ef397c773b3affe2f770ff8e10c4364,556,,Information,"{""deposit"":100000000000,""reward_account"":{""network"":""Mainnet"",""payload"":{""StakeKeyHash"":""3c8a5edce816ddfd8f1090488ef397c773b3affe2f770ff8e10c4364""}},""gov_action_id"":{""transaction_id"":""4840e305563327358cf70dae5015b2df8f8c35cef03f74521d4f117ac17bc384"",""action_index"":0},""gov_action"":""Information"",""anchor"":{""url"":""https://raw.githubusercontent.com/theeldermillenial/2025-liquidity-budget/df0b26d8796b19b566008ea9eaa8f17fef2cb6d4/info.jsonld"",""data_hash"":""97df3a30b767ee5b8e2b9fde824d91d3366985243ed73c06b257c2163f9045db""}}",,,,,Some(563),cy0/n4/a1:dy212465307551433/n2228913162217302/a438473698221786:sy0/n33370675402718/a24221567758519,c0:d1:s1
gov_action1u9x73kwufaxa70lfy59g4ynwyrcsaxdcd0gxzzmh67s9fxq4j8hqqk2phgh,e14de8d9dc4f4ddf3fe9250a8a926e20f10e99b86bd0610b77d7a054981591ee,0,,100000000000,bedc1520bf15d3da79e244954d7b837e9b5a3b9d3f7aaaa63375197d,557,,Information,"{""deposit"":100000000000,""reward_account"":{""network"":""Mainnet"",""payload"":{""StakeKeyHash"":""bedc1520bf15d3da79e244954d7b837e9b5a3b9d3f7aaaa63375197d""}},""gov_action_id"":{""transaction_id"":""e14de8d9dc4f4ddf3fe9250a8a926e20f10e99b86bd0610b77d7a054981591ee"",""action_index"":0},""gov_action"":""Information"",""anchor"":{""url"":""ipfs://bafkreibeajhkes7bxjlkghkingcgltqcwazz2ya5oknveqwt5nont7tg6u"",""data_hash"":""b95d8f8e324e9863905f16dbad94c1f25b28b933ae842e6f8ce9841c8da5b197""}}",,,,,Some(564),cy6/n0/a1:dy3568747822222928/n732747387805908/a143704110191164:sy606977531362334/n42674324713788/a1734640589499,c0:d1:s1
gov_action1vrkk4dpuss8l3z9g4uc2rmf8ks0f7j534zvz9v4k85dlc54wa3zsqq68rx0,60ed6ab43c840ff888a8af30a1ed27b41e9f4a91a89822b2b63d1bfc52aeec45,0,,100000000000,58e8e98c65b608a9a9ebdea42f07ddb4ca898aefaa10f4d0145b995e,566,,TreasuryWithdrawals,"{""deposit"":100000000000,""reward_account"":{""network"":""Mainnet"",""payload"":{""ScriptHash"":""58e8e98c65b608a9a9ebdea42f07ddb4ca898aefaa10f4d0145b995e""}},""gov_action_id"":{""transaction_id"":""60ed6ab43c840ff888a8af30a1ed27b41e9f4a91a89822b2b63d1bfc52aeec45"",""action_index"":0},""gov_action"":{""TreasuryWithdrawals"":{""rewards"":[[[241,228,37,152,78,36,251,44,6,173,103,104,130,23,141,222,230,228,123,153,74,88,154,227,215,12,129,124,121],300000000000],[[241,134,14,224,246,189,130,53,132,42,144,138,253,134,220,148,156,76,157,171,215,75,9,101,195,100,184,211,21],100000000000],[[241,135,127,87,224,189,204,129,103,233,132,222,224,82,216,221,115,70,239,252,8,255,128,162,155,4,94,26,16],500000000000],[[241,167,150,104,120,85,12,225,30,200,168,59,147,252,26,110,16,93,84,79,120,73,68,1,6,108,79,224,207],300000000000],[[241,155,234,230,252,127,234,218,108,207,130,69,84,181,227,164,152,234,177,82,5,172,146,72,195,251,153,59,95],300000000000]],""script_hash"":[250,36,251,48,81,38,128,92,242,22,76,22,29,133,42,14,115,48,207,152,143,31,229,88,207,125,74,100]}},""anchor"":{""url"":""ipfs://bafkreifw3qs7brjn4tdvyprnh2r343oerbdghasp5ws6ro55frbpll3dta"",""data_hash"":""d2f633b044f33117ace7cde8c045fcc930060a6dbdd083f7491148a86a3c5ebd""}}",,Some(570),Some(571),,,cy7/n0/a0:dy4093833588084653/n21189101483536/a52442655453280:sy0/n0/a0,c2/3:d67/100:s0
gov_action13tfag48nf94rtjcdq7c06vhkslmxxw9h6c88sl7q5g5nnewcsvlqz6d98zp,8ad3d454f3496a35cb0d07b0fd32f687f66338b7d60e787fc0a22939e5d8833e,1,,100000000000,192688a334130db2b51aedea594301010b0d1d2e9a86a460932520ba,570,,TreasuryWithdrawals,"{""deposit"":100000000000,""reward_account"":{""network"":""Mainnet"",""payload"":{""StakeKeyHash"":""192688a334130db2b51aedea594301010b0d1d2e9a86a460932520ba""}},""gov_action_id"":{""transaction_id"":""8ad3d454f3496a35cb0d07b0fd32f687f66338b7d60e787fc0a22939e5d8833e"",""action_index"":1},""gov_action"":{""TreasuryWithdrawals"":{""rewards"":[[[241,133,131,133,126,74,18,255,225,230,246,65,161,120,90,15,47,3,108,86,92,251,230,255,157,184,229,164,105],96817080000000]],""script_hash"":[250,36,251,48,81,38,128,92,242,22,76,22,29,133,42,14,115,48,207,152,143,31,229,88,207,125,74,100]}},""anchor"":{""url"":""ipfs://bafkreigt5xy56qjxd7dl2s7u6jxec2cfxevynppvgnnjifc2wawr7md5ha"",""data_hash"":""442b57ebf94db21544475a5dbdfe57f50e648646533d31bfa329c280aebfcfe9""}}",,Some(574),Some(575),,,cy5/n0/a0:dy3912321432502202/n23692002076694/a312701730992913:sy0/n0/a0,c2/3:d67/100:s0
gov_action13tfag48nf94rtjcdq7c06vhkslmxxw9h6c88sl7q5g5nnewcsvlpwywvhcq,8ad3d454f3496a35cb0d07b0fd32f687f66338b7d60e787fc0a22939e5d8833e,23,,100000000000,192688a334130db2b51aedea594301010b0d1d2e9a86a460932520ba,570,,TreasuryWithdrawals,"{""deposit"":100000000000,""reward_account"":{""network"":""Mainnet"",""payload"":{""StakeKeyHash"":""192688a334130db2b51aedea594301010b0d1d2e9a86a460932520ba""}},""gov_action_id"":{""transaction_id"":""8ad3d454f3496a35cb0d07b0fd32f687f66338b7d60e787fc0a22939e5d8833e"",""action_index"":23},""gov_action"":{""TreasuryWithdrawals"":{""rewards"":[[[241,133,131,133,126,74,18,255,225,230,246,65,161,120,90,15,47,3,108,86,92,251,230,255,157,184,229,164,105],69459000000000]],""script_hash"":[250,36,251,48,81,38,128,92,242,22,76,22,29,133,42,14,115,48,207,152,143,31,229,88,207,125,74,100]}},""anchor"":{""url"":""ipfs://bafkreid2pq5icpp77nfvdvnb5ipy3fqs77tpnls4ngxy6semzkdq7d2z7y"",""data_hash"":""5edb23193df820ab4e8334d2e12fdc57aac5f06fe9a81067aa651b3439b57119""}}",,Some(574),Some(575),,,cy5/n0/a0:dy3926392145162793/n75355236808630/a62411838251542:sy0/n0/a0,c2/3:d67/100:s0
gov_action13tfag48nf94rtjcdq7c06vhkslmxxw9h6c88sl7q5g5nnewcsvlqqfgyy3v,8ad3d454f3496a35cb0d07b0fd32f687f66338b7d60e787fc0a22939e5d8833e,0,,100000000000,192688a334130db2b51aedea594301010b0d1d2e9a86a460932520ba,570,,TreasuryWithdrawals,"{""deposit"":100000000000,""reward_account"":{""network"":""Mainnet"",""payload"":{""StakeKeyHash"":""192688a334130db2b51aedea594301010b0d1d2e9a86a460932520ba""}},""gov_action_id"":{""transaction_id"":""8ad3d454f3496a35cb0d07b0fd32f687f66338b7d60e787fc0a22939e5d8833e"",""action_index"":0},""gov_action"":{""TreasuryWithdrawals"":{""rewards"":[[[241,133,131,133,126,74,18,255,225,230,246,65,161,120,90,15,47,3,108,86,92,251,230,255,157,184,229,164,105],2162096000000]],""script_hash"":[250,36,251,48,81,38,128,92,242,22,76,22,29,133,42,14,115,48,207,152,143,31,229,88,207,125,74,100]}},""anchor"":{""url"":""ipfs://bafkreidjnukg5c7u5zlkxaciy4hkxfixvtquhx6uzlqpydvrxormfqpdm4"",""data_hash"":""6611ea5602de95d463ecf28f1c4ca26ad91fe7ed499d0a1594e3c2fd528a2a62""}}",,Some(574),Some(575),,,cy5/n0/a0:dy4127174354090953/n94145593104288/a0:sy0/n0/a0,c2/3:d67/100:s0
gov_action1n5sn54mgf47a7men2ryq6ppx88kta4wvenz2qkl4f9v6ppje8easqxwm88m,9d213a57684d7ddf6f3350c80d042639ecbed5ccccc4a05bf54959a086593e7b,0,,100000000000,2bf8a40b8101c071d7f1c1ba3736c2d3a9667fb13e35dc1864f170d0,567,,Information,"{""deposit"":100000000000,""reward_account"":{""network"":""Mainnet"",""payload"":{""ScriptHash"":""2bf8a40b8101c071d7f1c1ba3736c2d3a9667fb13e35dc1864f170d0""}},""gov_action_id"":{""transaction_id"":""9d213a57684d7ddf6f3350c80d042639ecbed5ccccc4a05bf54959a086593e7b"",""action_index"":0},""gov_action"":""Information"",""anchor"":{""url"":""ipfs://QmP9iDuML2VmoFigTJifBj87LxZ3DNnREyU27DE1MrpZDg"",""data_hash"":""b3dc422b419a0e7beee4bf594bcfd344d87e2dc593d0fef5eb1fd218c0a6137b""}}",,,,,Some(574),cy7/n0/a0:dy2832862312472265/n935246197584261/a674152156041788:sy66736422727105/n66272824647159/a0,c0:d1:s1
