gov_action1zhuz5djmmmjg8f9s8pe6grfc98xg3szglums8cgm6qwancp4eytqqmpu0pr,15f82a365bdee483a4b03873a40d3829cc88c048ff3703e11bd01dd9e035c916,0,,100000000000,45dee6ee5d7f631b6226d45f29da411c42fa7e816dc0948d31e0dba7,507,,Information,"{""deposit"":100000000000,""reward_account"":{""network"":""Mainnet"",""credential"":{""AddrKeyHash"":""45dee6ee5d7f631b6226d45f29da411c42fa7e816dc0948d31e0dba7""}},""gov_action_id"":{""transaction_id"":""15f82a365bdee483a4b03873a40d3829cc88c048ff3703e11bd01dd9e035c916"",""action_index"":0},""gov_action"":""Information"",""anchor"":{""url"":""ipfs://QmWjcHsrq9kKHZZ7aPPFjqN6wLuxH9d8bcqssmrE7H4cvb"",""data_hash"":""2f98f57c4149fdfed2b73cbd821226fe417ef5ed49d8f836a37b31edf14dea47""}}",,,,,Some(514),cy2/n0/a1:dy7741719450058/n183319903721012/a27279975832735:sy152058602283718/n1404169818599131/a25567488713842,c0:d1:s1
gov_action1t87n2vjnavthuggyarerafxx8c7n9mu4c7r96qlfp5uggsjdc8dsqymg588,59fd353253eb177e2104e8f23ea4c63e3d32ef95c7865d03e90d3884424dc1db,0,,100000000000,2058a6f90d7f85735fe3c0f2db06e90c25dfb06e5b1a61e67bb4fe23,510,,Information,"{""deposit"":100000000000,""reward_account"":{""network"":""Mainnet"",""credential"":{""AddrKeyHash"":""2058a6f90d7f85735fe3c0f2db06e90c25dfb06e5b1a61e67bb4fe23""}},""gov_action_id"":{""transaction_id"":""59fd353253eb177e2104e8f23ea4c63e3d32ef95c7865d03e90d3884424dc1db"",""action_index"":0},""gov_action"":""Information"",""anchor"":{""url"":""https://c-ipfs-gw.nmkr.io/ipfs/QmXdfDSSkR8TYBntMT4nuTL9sE9E44FJnpWVpaY8ZTfwjj"",""data_hash"":""d4efa9e0c3d80f5be35def08551eaf5aef17eae832fdb835e5f4b208d98f3dff""}}",,,,,Some(517),cy3/n0/a3:dy223151686582603/n1963871414168/a6214250477238:sy833073983163425/n2130099216312/a79842476108939,c0:d1:s1
gov_action10lty9xka3unprtvdfrqvcjgsz33sjwhv9p06afqzar8au782trtsq7dhd95,7fd6429add8f2611ad8d48c0cc49101463093aec285faea402e8cfde78ea58d7,0,,100000000000,7a094354239fd5e7b24665158ff7ee2afdfabcc947ba3b64742ffa48,514,,Information,"{""deposit"":100000000000,""reward_account"":{""network"":""Mainnet"",""credential"":{""AddrKeyHash"":""7a094354239fd5e7b24665158ff7ee2afdfabcc947ba3b64742ffa48""}},""gov_action_id"":{""transaction_id"":""7fd6429add8f2611ad8d48c0cc49101463093aec285faea402e8cfde78ea58d7"",""action_index"":0},""gov_action"":""Information"",""anchor"":{""url"":""https://raw.githubusercontent.com/bigpey/CardanoGovernance/refs/heads/main/infoAction3.jsonld"",""data_hash"":""e68cba056c70187e475f05317ce54eeade3376d5b744b32f2c60492b4984b4bf""}}",,,,,Some(521),cy0/n3/a2:dy138987354885745/n282427987414820/a99405627868189:sy518995697579878/n998251281107590/a88527169953982,c0:d1:s1
gov_action1286ft23r7jem825s4l0y5rn8sgam0tz2ce04l7a38qmnhp3l9a6qqn850dw,51f495aa23f4b3b3aa90afde4a0e67823bb7ac4ac65f5ffbb138373b863f2f74,0,,100000000000,11ce01cd0e4dbba24d7f99d3516ae9229f0199ed4b9315fe4693b64b,518,,ParameterChange,"{""deposit"":100000000000,""reward_account"":{""network"":""Mainnet"",""credential"":{""AddrKeyHash"":""11ce01cd0e4dbba24d7f99d3516ae9229f0199ed4b9315fe4693b64b""}},""gov_action_id"":{""transaction_id"":""51f495aa23f4b3b3aa90afde4a0e67823bb7ac4ac65f5ffbb138373b863f2f74"",""action_index"":0},""gov_action"":{""ParameterChange"":{""previous_action_id"":null,""protocol_param_update"":{""cost_models_for_script_languages"":{""plutus_v1"":null,""plutus_v2"":null,""plutus_v3"":[100788,420,1,1,1000,173,0,1,1000,59957,4,1,11183,32,201305,8356,4,16000,100,16000,100,16000,100,16000,100,16000,100,16000,100,100,100,16000,100,94375,32,132994,32,61462,4,72010,178,0,1,22151,32,91189,769,4,2,85848,123203,7305,-900,1716,549,57,85848,0,1,1,1000,42921,4,2,24548,29498,38,1,898148,27279,1,51775,558,1,39184,1000,60594,1,141895,32,83150,32,15299,32,76049,1,13169,4,22100,10,28999,74,1,28999,74,1,43285,552,1,44749,541,1,33852,32,68246,32,72362,32,7243,32,7391,32,11546,32,85848,123203,7305,-900,1716,549,57,85848,0,1,90434,519,0,1,74433,32,85848,123203,7305,-900,1716,549,57,85848,0,1,1,85848,123203,7305,-900,1716,549,57,85848,0,1,955506,213312,0,2,270652,22588,4,1457325,64566,4,20467,1,4,0,141992,32,100788,420,1,1,81663,32,59498,32,20142,32,24588,32,20744,32,25933,32,24623,32,43053543,10,53384111,14333,10,43574283,26308,10,16000,100,16000,100,962335,18,2780678,6,442008,1,52538055,3756,18,267929,18,76433006,8868,18,52948122,18,1995836,36,3227919,12,901022,1,166917843,4307,36,284546,36,158221314,26549,36,74698472,36,333849714,1,254006273,72,2174038,72,2261318,64571,4,207616,8310,4,1293828,28716,63,0,1,1006041,43623,251,0,1]}},""script_hash"":""fa24fb305126805cf2164c161d852a0e7330cf988f1fe558cf7d4a64""}},""anchor"":{""url"":""https://raw.githubusercontent.com/IntersectMBO/governance-actions/refs/heads/main/mainnet/2024-10-21-ppu/metadata.jsonld"",""data_hash"":""3e6b1083a637a740d5b84bb6edf1a5119b81440b31ea84907311b6543ebd39eb""}}",,,,,Some(525),cy0/n5/a0:dy0/n0/a0:sy0/n0/a0,c2/3:d0:s0
gov_action1k2jertppnnndejjcglszfqq4yzw8evzrd2nt66rr6rqlz54xp0zsq05ecsn,b2a591ac219ce6dcca5847e0248015209c7cb0436aa6bd6863d0c1f152a60bc5,0,,100000000000,11ce01cd0e4dbba24d7f99d3516ae9229f0199ed4b9315fe4693b64b,519,,ParameterChange,"{""deposit"":100000000000,""reward_account"":{""network"":""Mainnet"",""credential"":{""AddrKeyHash"":""11ce01cd0e4dbba24d7f99d3516ae9229f0199ed4b9315fe4693b64b""}},""gov_action_id"":{""transaction_id"":""b2a591ac219ce6dcca5847e0248015209c7cb0436aa6bd6863d0c1f152a60bc5"",""action_index"":0},""gov_action"":{""ParameterChange"":{""previous_action_id"":null,""protocol_param_update"":{""cost_models_for_script_languages"":{""plutus_v1"":null,""plutus_v2"":null,""plutus_v3"":[100788,420,1,1,1000,173,0,1,1000,59957,4,1,11183,32,201305,8356,4,16000,100,16000,100,16000,100,16000,100,16000,100,16000,100,100,100,16000,100,94375,32,132994,32,61462,4,72010,178,0,1,22151,32,91189,769,4,2,85848,123203,7305,-900,1716,549,57,85848,0,1,1,1000,42921,4,2,24548,29498,38,1,898148,27279,1,51775,558,1,39184,1000,60594,1,141895,32,83150,32,15299,32,76049,1,13169,4,22100,10,28999,74,1,28999,74,1,43285,552,1,44749,541,1,33852,32,68246,32,72362,32,7243,32,7391,32,11546,32,85848,123203,7305,-900,1716,549,57,85848,0,1,90434,519,0,1,74433,32,85848,123203,7305,-900,1716,549,57,85848,0,1,1,85848,123203,7305,-900,1716,549,57,85848,0,1,955506,213312,0,2,270652,22588,4,1457325,64566,4,20467,1,4,0,141992,32,100788,420,1,1,81663,32,59498,32,20142,32,24588,32,20744,32,25933,32,24623,32,43053543,10,53384111,14333,10,43574283,26308,10,16000,100,16000,100,962335,18,2780678,6,442008,1,52538055,3756,18,267929,18,76433006,8868,18,52948122,18,1995836,36,3227919,12,901022,1,166917843,4307,36,284546,36,158221314,26549,36,74698472,36,333849714,1,254006273,72,2174038,72,2261318,64571,4,207616,8310,4,1293828,28716,63,0,1,1006041,43623,251,0,1,100181,726,719,0,1,100181,726,719,0,1,100181,726,719,0,1,107878,680,0,1,95336,1,281145,18848,0,1,180194,159,1,1,158519,8942,0,1,159378,8813,0,1,107490,3298,1,106057,655,1,1964219,24520,3]}},""script_hash"":""fa24fb305126805cf2164c161d852a0e7330cf988f1fe558cf7d4a64""}},""anchor"":{""url"":""https://raw.githubusercontent.com/IntersectMBO/governance-actions/refs/heads/main/mainnet/2024-11-04-ppu/metadata.jsonld"",""data_hash"":""94deb036c455e4064f7ed4162edbdb7d892ad264094df9a26fd61b5b130d100f""}}",,Some(525),Some(526),,,cy5/n0/a0:dy0/n0/a0:sy0/n0/a0,c2/3:d0:s0
gov_action1zhuz5djmmmjg8f9s8pe6grfc98xg3szglums8cgm6qwancp4eytqqmpu0pr,15f82a365bdee483a4b03873a40d3829cc88c048ff3703e11bd01dd9e035c916,0,,100000000000,45dee6ee5d7f631b6226d45f29da411c42fa7e816dc0948d31e0dba7,507,,Information,"{""deposit"":100000000000,""reward_account"":{""network"":""Mainnet"",""credential"":{""AddrKeyHash"":""45dee6ee5d7f631b6226d45f29da411c42fa7e816dc0948d31e0dba7""}},""gov_action_id"":{""transaction_id"":""15f82a365bdee483a4b03873a40d3829cc88c048ff3703e11bd01dd9e035c916"",""action_index"":0},""gov_action"":""Information"",""anchor"":{""url"":""ipfs://QmWjcHsrq9kKHZZ7aPPFjqN6wLuxH9d8bcqssmrE7H4cvb"",""data_hash"":""2f98f57c4149fdfed2b73cbd821226fe417ef5ed49d8f836a37b31edf14dea47""}}",,,,,Some(514),cy2/n0/a1:dy7803291186727/n201955430366314/a27597180564109:sy152176442923910/n1407467332330000/a25625303673240,c0:d1:s1
gov_action1t87n2vjnavthuggyarerafxx8c7n9mu4c7r96qlfp5uggsjdc8dsqymg588,59fd353253eb177e2104e8f23ea4c63e3d32ef95c7865d03e90d3884424dc1db,0,,100000000000,2058a6f90d7f85735fe3c0f2db06e90c25dfb06e5b1a61e67bb4fe23,510,,Information,"{""deposit"":100000000000,""reward_account"":{""network"":""Mainnet"",""credential"":{""AddrKeyHash"":""2058a6f90d7f85735fe3c0f2db06e90c25dfb06e5b1a61e67bb4fe23""}},""gov_action_id"":{""transaction_id"":""59fd353253eb177e2104e8f23ea4c63e3d32ef95c7865d03e90d3884424dc1db"",""action_index"":0},""gov_action"":""Information"",""anchor"":{""url"":""https://c-ipfs-gw.nmkr.io/ipfs/QmXdfDSSkR8TYBntMT4nuTL9sE9E44FJnpWVpaY8ZTfwjj"",""data_hash"":""d4efa9e0c3d80f5be35def08551eaf5aef17eae832fdb835e5f4b208d98f3dff""}}",,,,,Some(517),cy3/n0/a3:dy271763489873448/n3196952717201/a9171317324753:sy833331152847868/n2127496337780/a79860586493050,c0:d1:s1
gov_action10lty9xka3unprtvdfrqvcjgsz33sjwhv9p06afqzar8au782trtsq7dhd95,7fd6429add8f2611ad8d48c0cc49101463093aec285faea402e8cfde78ea58d7,0,,100000000000,7a094354239fd5e7b24665158ff7ee2afdfabcc947ba3b64742ffa48,514,,Information,"{""deposit"":100000000000,""reward_account"":{""network"":""Mainnet"",""credential"":{""AddrKeyHash"":""7a094354239fd5e7b24665158ff7ee2afdfabcc947ba3b64742ffa48""}},""gov_action_id"":{""transaction_id"":""7fd6429add8f2611ad8d48c0cc49101463093aec285faea402e8cfde78ea58d7"",""action_index"":0},""gov_action"":""Information"",""anchor"":{""url"":""https://raw.githubusercontent.com/bigpey/CardanoGovernance/refs/heads/main/infoAction3.jsonld"",""data_hash"":""e68cba056c70187e475f05317ce54eeade3376d5b744b32f2c60492b4984b4bf""}}",,,,,Some(521),cy0/n3/a2:dy153098547222325/n347874966064063/a119033560895717:sy522043901122073/n971536609936689/a89125227132351,c0:d1:s1
gov_action1286ft23r7jem825s4l0y5rn8sgam0tz2ce04l7a38qmnhp3l9a6qqn850dw,51f495aa23f4b3b3aa90afde4a0e67823bb7ac4ac65f5ffbb138373b863f2f74,0,,100000000000,11ce01cd0e4dbba24d7f99d3516ae9229f0199ed4b9315fe4693b64b,518,,ParameterChange,"{""deposit"":100000000000,""reward_account"":{""network"":""Mainnet"",""credential"":{""AddrKeyHash"":""11ce01cd0e4dbba24d7f99d3516ae9229f0199ed4b9315fe4693b64b""}},""gov_action_id"":{""transaction_id"":""51f495aa23f4b3b3aa90afde4a0e67823bb7ac4ac65f5ffbb138373b863f2f74"",""action_index"":0},""gov_action"":{""ParameterChange"":{""previous_action_id"":null,""protocol_param_update"":{""cost_models_for_script_languages"":{""plutus_v1"":null,""plutus_v2"":null,""plutus_v3"":[100788,420,1,1,1000,173,0,1,1000,59957,4,1,11183,32,201305,8356,4,16000,100,16000,100,16000,100,16000,100,16000,100,16000,100,100,100,16000,100,94375,32,132994,32,61462,4,72010,178,0,1,22151,32,91189,769,4,2,85848,123203,7305,-900,1716,549,57,85848,0,1,1,1000,42921,4,2,24548,29498,38,1,898148,27279,1,51775,558,1,39184,1000,60594,1,141895,32,83150,32,15299,32,76049,1,13169,4,22100,10,28999,74,1,28999,74,1,43285,552,1,44749,541,1,33852,32,68246,32,72362,32,7243,32,7391,32,11546,32,85848,123203,7305,-900,1716,549,57,85848,0,1,90434,519,0,1,74433,32,85848,123203,7305,-900,1716,549,57,85848,0,1,1,85848,123203,7305,-900,1716,549,57,85848,0,1,955506,213312,0,2,270652,22588,4,1457325,64566,4,20467,1,4,0,141992,32,100788,420,1,1,81663,32,59498,32,20142,32,24588,32,20744,32,25933,32,24623,32,43053543,10,53384111,14333,10,43574283,26308,10,16000,100,16000,100,962335,18,2780678,6,442008,1,52538055,3756,18,267929,18,76433006,8868,18,52948122,18,1995836,36,3227919,12,901022,1,166917843,4307,36,284546,36,158221314,26549,36,74698472,36,333849714,1,254006273,72,2174038,72,2261318,64571,4,207616,8310,4,1293828,28716,63,0,1,1006041,43623,251,0,1]}},""script_hash"":""fa24fb305126805cf2164c161d852a0e7330cf988f1fe558cf7d4a64""}},""anchor"":{""url"":""https://raw.githubusercontent.com/IntersectMBO/governance-actions/refs/heads/main/mainnet/2024-10-21-ppu/metadata.jsonld"",""data_hash"":""3e6b1083a637a740d5b84bb6edf1a5119b81440b31ea84907311b6543ebd39eb""}}",,,,,Some(525),cy0/n5/a0:dy0/n0/a0:sy0/n0/a0,c2/3:d0:s0
gov_action1k2jertppnnndejjcglszfqq4yzw8evzrd2nt66rr6rqlz54xp0zsq05ecsn,b2a591ac219ce6dcca5847e0248015209c7cb0436aa6bd6863d0c1f152a60bc5,0,,100000000000,11ce01cd0e4dbba24d7f99d3516ae9229f0199ed4b9315fe4693b64b,519,,ParameterChange,"{""deposit"":100000000000,""reward_account"":{""network"":""Mainnet"",""credential"":{""AddrKeyHash"":""11ce01cd0e4dbba24d7f99d3516ae9229f0199ed4b9315fe4693b64b""}},""gov_action_id"":{""transaction_id"":""b2a591ac219ce6dcca5847e0248015209c7cb0436aa6bd6863d0c1f152a60bc5"",""action_index"":0},""gov_action"":{""ParameterChange"":{""previous_action_id"":null,""protocol_param_update"":{""cost_models_for_script_languages"":{""plutus_v1"":null,""plutus_v2"":null,""plutus_v3"":[100788,420,1,1,1000,173,0,1,1000,59957,4,1,11183,32,201305,8356,4,16000,100,16000,100,16000,100,16000,100,16000,100,16000,100,100,100,16000,100,94375,32,132994,32,61462,4,72010,178,0,1,22151,32,91189,769,4,2,85848,123203,7305,-900,1716,549,57,85848,0,1,1,1000,42921,4,2,24548,29498,38,1,898148,27279,1,51775,558,1,39184,1000,60594,1,141895,32,83150,32,15299,32,76049,1,13169,4,22100,10,28999,74,1,28999,74,1,43285,552,1,44749,541,1,33852,32,68246,32,72362,32,7243,32,7391,32,11546,32,85848,123203,7305,-900,1716,549,57,85848,0,1,90434,519,0,1,74433,32,85848,123203,7305,-900,1716,549,57,85848,0,1,1,85848,123203,7305,-900,1716,549,57,85848,0,1,955506,213312,0,2,270652,22588,4,1457325,64566,4,20467,1,4,0,141992,32,100788,420,1,1,81663,32,59498,32,20142,32,24588,32,20744,32,25933,32,24623,32,43053543,10,53384111,14333,10,43574283,26308,10,16000,100,16000,100,962335,18,2780678,6,442008,1,52538055,3756,18,267929,18,76433006,8868,18,52948122,18,1995836,36,3227919,12,901022,1,166917843,4307,36,284546,36,158221314,26549,36,74698472,36,333849714,1,254006273,72,2174038,72,2261318,64571,4,207616,8310,4,1293828,28716,63,0,1,1006041,43623,251,0,1,100181,726,719,0,1,100181,726,719,0,1,100181,726,719,0,1,107878,680,0,1,95336,1,281145,18848,0,1,180194,159,1,1,158519,8942,0,1,159378,8813,0,1,107490,3298,1,106057,655,1,1964219,24520,3]}},""script_hash"":""fa24fb305126805cf2164c161d852a0e7330cf988f1fe558cf7d4a64""}},""anchor"":{""url"":""https://raw.githubusercontent.com/IntersectMBO/governance-actions/refs/heads/main/mainnet/2024-11-04-ppu/metadata.jsonld"",""data_hash"":""94deb036c455e4064f7ed4162edbdb7d892ad264094df9a26fd61b5b130d100f""}}",,Some(525),Some(526),,,cy5/n0/a0:dy0/n0/a0:sy0/n0/a0,c2/3:d0:s0
gov_action1llcd7ezdx299xeep9azm4dvsvz7783qfrhykcu3sv2ykl4sewv2qq4myfpk,fff0df644d328a5367212f45bab59060bde3c4091dc96c723062896fd6197314,0,,100000000000,11ce01cd0e4dbba24d7f99d3516ae9229f0199ed4b9315fe4693b64b,522,,Information,"{""deposit"":100000000000,""reward_account"":{""network"":""Mainnet"",""credential"":{""AddrKeyHash"":""11ce01cd0e4dbba24d7f99d3516ae9229f0199ed4b9315fe4693b64b""}},""gov_action_id"":{""transaction_id"":""fff0df644d328a5367212f45bab59060bde3c4091dc96c723062896fd6197314"",""action_index"":0},""gov_action"":""Information"",""anchor"":{""url"":""https://raw.githubusercontent.com/IntersectMBO/governance-actions/refs/heads/main/mainnet/2024-11-19-infohf/metadata.jsonld"",""data_hash"":""93106d082a93e94df5aff74f678438bae3a647dac63465fbfcde6a3058f41a1e""}}",,,,,Some(529),cy6/n0/a1:dy1706670569475176/n3188355776101/a120810715923730:sy1508752999025305/n0/a0,c0:d1:s1
gov_action1pvv5wmjqhwa4u85vu9f4ydmzu2mgt8n7et967ph2urhx53r70xusqnmm525,0b19476e40bbbb5e1e8ce153523762e2b6859e7ecacbaf06eae0ee6a447e79b9,0,,100000000000,11ce01cd0e4dbba24d7f99d3516ae9229f0199ed4b9315fe4693b64b,529,,HardForkInitiation,"{""deposit"":100000000000,""reward_account"":{""network"":""Mainnet"",""credential"":{""AddrKeyHash"":""11ce01cd0e4dbba24d7f99d3516ae9229f0199ed4b9315fe4693b64b""}},""gov_action_id"":{""transaction_id"":""0b19476e40bbbb5e1e8ce153523762e2b6859e7ecacbaf06eae0ee6a447e79b9"",""action_index"":0},""gov_action"":{""HardForkInitiation"":{""previous_action_id"":null,""protocol_version"":{""major"":10,""minor"":0}}},""anchor"":{""url"":""https://raw.githubusercontent.com/IntersectMBO/governance-actions/refs/heads/main/mainnet/2024-10-30-hf10/metadata.jsonld"",""data_hash"":""8a1bd37caa6b914a8b569adb63a0f41d8f159c110dc5c8409118a3f087fffb43""}}",,Some(536),Some(537),,,cy7/n0/a0:dy0/n0/a0:sy13608145232045681/n60426486250635/a806866322595922,c2/3:d3/5:s51/100
gov_action133jnaewfsq8x6v08ndd87l2yqryp63r30t2dkceacxx5cply5n7sqzlcyqf,8c653ee5c9800e6d31e79b5a7f7d4400c81d44717ad4db633dc18d4c07e4a4fd,0,,100000000000,11ce01cd0e4dbba24d7f99d3516ae9229f0199ed4b9315fe4693b64b,537,,NewConstitution,"{""deposit"":100000000000,""reward_account"":{""network"":""Mainnet"",""credential"":{""AddrKeyHash"":""11ce01cd0e4dbba24d7f99d3516ae9229f0199ed4b9315fe4693b64b""}},""gov_action_id"":{""transaction_id"":""8c653ee5c9800e6d31e79b5a7f7d4400c81d44717ad4db633dc18d4c07e4a4fd"",""action_index"":0},""gov_action"":{""NewConstitution"":{""previous_action_id"":null,""new_constitution"":{""anchor"":{""url"":""ipfs://bafkreiazhhawe7sjwuthcfgl3mmv2swec7sukvclu3oli7qdyz4uhhuvmy"",""data_hash"":""2a61e2f4b63442978140c77a70daab3961b22b12b63b13949a390c097214d1c5""},""guardrail_script"":""fa24fb305126805cf2164c161d852a0e7330cf988f1fe558cf7d4a64""}}},""anchor"":{""url"":""ipfs://bafkreiehcekhhsq34ccezwn46brg3euj6tbs4g4yjkav34ukqvbnzaya2a"",""data_hash"":""d085e5af96521ae2670400e76c3a1e4b4eb902139ddaa83bde7580e7e9d7ddec""}}",,Some(541),Some(542),,,cy7/n0/a0:dy3057261492921882/n80645706137943/a168178319231086:sy0/n44510045586143/a6035590608493316,c2/3:d3/4:s0
gov_action1js2s9v92zpxg2rge0y3jt9zy626he2m67x9kx9phw4r942kvsn6sqfym0d7,941502b0aa104c850d197923259444d2b57cab7af18b63143775465aaacc84f5,0,"transaction: b2a591ac219ce6dcca5847e0248015209c7cb0436aa6bd6863d0c1f152a60bc5, action_index: 0",100000000000,646c9e5f7484e8aeceba94566b73b8b50394eb6bfb54f67ac5885d59,539,,ParameterChange,"{""deposit"":100000000000,""reward_account"":{""network"":""Mainnet"",""credential"":{""AddrKeyHash"":""646c9e5f7484e8aeceba94566b73b8b50394eb6bfb54f67ac5885d59""}},""gov_action_id"":{""transaction_id"":""941502b0aa104c850d197923259444d2b57cab7af18b63143775465aaacc84f5"",""action_index"":0},""gov_action"":{""ParameterChange"":{""previous_action_id"":{""transaction_id"":""b2a591ac219ce6dcca5847e0248015209c7cb0436aa6bd6863d0c1f152a60bc5"",""action_index"":0},""protocol_param_update"":{""treasury_growth_rate"":[1,10]},""script_hash"":""fa24fb305126805cf2164c161d852a0e7330cf988f1fe558cf7d4a64""}},""anchor"":{""url"":""ipfs://QmcKQggcpouuhAAvUYGDzoKgMwbZSkWqiEeE6c67SJ3kEq"",""data_hash"":""9b2438f0032a0c24ed62d12d6bdb79b47e2bd0c4d2dd4f4936c055ead7109caf""}}",,,,,Some(546),cy2/n5/a0:dy909300883203208/n2019768456842096/a282106868418504:sy0/n43919699699075/a6256830211470715,c2/3:d67/100:s0
gov_action12meeq4r43udremwpm6fzt4nt7fctvt0ah7798x036m2r4nhlccmqqhmr9wx,56f39054758f1a3cedc1de9225d66bf270b62dfdbfbc5399f1d6d43aceffc636,0,,100000000000,11ce01cd0e4dbba24d7f99d3516ae9229f0199ed4b9315fe4693b64b,542,,Information,"{""deposit"":100000000000,""reward_account"":{""network"":""Mainnet"",""credential"":{""AddrKeyHash"":""11ce01cd0e4dbba24d7f99d3516ae9229f0199ed4b9315fe4693b64b""}},""gov_action_id"":{""transaction_id"":""56f39054758f1a3cedc1de9225d66bf270b62dfdbfbc5399f1d6d43aceffc636"",""action_index"":0},""gov_action"":""Information"",""anchor"":{""url"":""ipfs://bafkreiada4nn5eaezg43esieduks6l57vzkjdo2yfby7yxv6jrat7ilrdq"",""data_hash"":""b160033b47dfc31885c297c55ba6b68afaf7561da3070eced93d84ad70d8f5b3""}}",,,,,Some(549),cy3/n1/a3:dy2745583113351053/n46531045637335/a56685383549847:sy612703317892573/n43993352292902/a6463813562939920,c0:d1:s1
gov_action10ueqgzwenxr39le68n0se9peu92r7gm2846xwehh3u0ahc0qd0uqqyljxu5,7f320409d9998712ff3a3cdf0c9439e1543f236a3d746766f78f1fdbe1e06bf8,0,,100000000000,34e02a2d8ba816a7bc1f7e337271734b200e112fe240d2d2b504113f,546,,Information,"{""deposit"":100000000000,""reward_account"":{""network"":""Mainnet"",""credential"":{""AddrKeyHash"":""34e02a2d8ba816a7bc1f7e337271734b200e112fe240d2d2b504113f""}},""gov_action_id"":{""transaction_id"":""7f320409d9998712ff3a3cdf0c9439e1543f236a3d746766f78f1fdbe1e06bf8"",""action_index"":0},""gov_action"":""Information"",""anchor"":{""url"":""https://raw.githubusercontent.com/blockchainada/ga/refs/heads/main/ga01.jsonld"",""data_hash"":""a2fa375274a2c5efa985a1e9811f27ea1ebf8b8dd88cdf9931a5aa856c73832a""}}",,,,,Some(553),cy1/n4/a1:dy1685508905832600/n1615259623393222/a92296293297799:sy533857088222065/n612366693440347/a6803602907042646,c0:d1:s1
gov_action1nd3t833j7v5sz65k3tp9yyvztw60sjcjgcgjr37682s3m7frwrusqmd2k80,9b62b3c632f329016a968ac25211825bb4f84b12461121c7da3aa11df92370f9,0,,100000000000,11ce01cd0e4dbba24d7f99d3516ae9229f0199ed4b9315fe4693b64b,547,,Information,"{""deposit"":100000000000,""reward_account"":{""network"":""Mainnet"",""credential"":{""AddrKeyHash"":""11ce01cd0e4dbba24d7f99d3516ae9229f0199ed4b9315fe4693b64b""}},""gov_action_id"":{""transaction_id"":""9b62b3c632f329016a968ac25211825bb4f84b12461121c7da3aa11df92370f9"",""action_index"":0},""gov_action"":""Information"",""anchor"":{""url"":""ipfs://bafkreiaqno22swabd3kcqt2awtgwaucdzaagacoemxwadm3exrchhnfite"",""data_hash"":""973452e7c4d204c883c6a9e4c311f72ad6237e827ce05e141f3374c8a04f01bc""}}",,,,,Some(554),cy5/n1/a1:dy3565914118505832/n918191360675777/a260541559072411:sy583096989727777/n932923945971155/a6850287504020157,c0:d1:s1
gov_action10k0unljvaej0kd89w7pn0zkgdx59c7xkl0x5q78dzvdtd73u0kmqq5xl5y5,7d9fc9fe4cee64fb34e57783378ac869a85c78d6fbcd4078ed131ab6fa3c7db6,0,,100000000000,eb48b72735ee0e97154ad84fdad93bb27aaf7d052e2f500e4a3bd4a8,554,,Information,"{""deposit"":100000000000,""reward_account"":{""network"":""Mainnet"",""credential"":{""AddrKeyHash"":""eb48b72735ee0e97154ad84fdad93bb27aaf7d052e2f500e4a3bd4a8""}},""gov_action_id"":{""transaction_id"":""7d9fc9fe4cee64fb34e57783378ac869a85c78d6fbcd4078ed131ab6fa3c7db6"",""action_index"":0},""gov_action"":""Information"",""anchor"":{""url"":""https://most-brass-sun.quicknode-ipfs.com/ipfs/QmRrGsZsP5R7cFYFzPXQ9vS2Ux7oTXb1ep1EciLdKqeDWY"",""data_hash"":""30f03001e623d61ae782efe922b21ef79c4a1d06b258fd773d9c762d1a42d9b9""}}",,,,,Some(561),cy6/n0/a1:dy2349965987191895/n2174749161891489/a62106717234653:sy628953824163943/n65222809339695/a7594957856833634,c0:d1:s1
gov_action1h4ygjv0hjfj3lmafcm76rpdzcm8vsvj9k5wejn3npyxwxm3fesnqqw9kxxz,bd488931f792651fefa9c6fda185a2c6cec83245b51d994e33090ce36e29cc26,0,,100000000000,58e8e98c65b608a9a9ebdea42f07ddb4ca898aefaa10f4d0145b995e,556,,Information,"{""deposit"":100000000000,""reward_account"":{""network"":""Mainnet"",""credential"":{""ScriptHash"":""58e8e98c65b608a9a9ebdea42f07ddb4ca898aefaa10f4d0145b995e""}},""gov_action_id"":{""transaction_id"":""bd488931f792651fefa9c6fda185a2c6cec83245b51d994e33090ce36e29cc26"",""action_index"":0},""gov_action"":""Information"",""anchor"":{""url"":""ipfs://bafkreibqma7t2k4rcywvx5afukahhi3dp2so2ugh7t4ljuawhanvk7sr34"",""data_hash"":""7d2f344f3651a8372ad603abf11fcb310fb3c5154a6592591d1ff97d951156e3""}}",,,,,Some(563),cy6/n0/a1:dy4321359580966578/n28707332030523/a43776360731531:sy540110151799288/n45348747862653/a7463662400447784,c0:d1:s1
gov_action1fpqwxp2kxvnntr8hpkh9q9djm78ccdww7qlhg5safugh4stmcwzqql5lauu,4840e305563327358cf70dae5015b2df8f8c35cef03f74521d4f117ac17bc384,0,,100000000000,3c8a5edce816ddfd8f1090488ef397c773b3affe2f770ff8e10c4364,556,,Information,"{""deposit"":100000000000,""reward_account"":{""network"":""Mainnet"",""credential"":{""AddrKeyHash"":""3c8a5edce816ddfd8f1090488ef397c773b3affe2f770ff8e10c4364""}},""gov_action_id"":{""transaction_id"":""4840e305563327358cf70dae5015b2df8f8c35cef03f74521d4f117ac17bc384"",""action_index"":0},""gov_action"":""Information"",""anchor"":{""url"":""https://raw.githubusercontent.com/theeldermillenial/2025-liquidity-budget/df0b26d8796b19b566008ea9eaa8f17fef2cb6d4/info.jsonld"",""data_hash"":""97df3a30b767ee5b8e2b9fde824d91d3366985243ed73c06b257c2163f9045db""}}",,,,,Some(563),cy0/n4/a1:dy202520094442362/n2137154943847132/a420871423298742:sy0/n76737272288882/a7597959495461558,c0:d1:s1
gov_action1vdlrcftd48qn2zz8egepr6xyfcmxpfz8r69k769gc5mhg662adesq9yy8pl,637e3c256da9c1350847ca3211e8c44e3660a4471e8b6f68a8c537746b4aeb73,0,,100000000000,29b3155178e987f4eb0e8b60bb5ef4498d960145fa23156744c89122,556,,Information,"{""deposit"":100000000000,""reward_account"":{""network"":""Mainnet"",""credential"":{""AddrKeyHash"":""29b3155178e987f4eb0e8b60bb5ef4498d960145fa23156744c89122""}},""gov_action_id"":{""transaction_id"":""637e3c256da9c1350847ca3211e8c44e3660a4471e8b6f68a8c537746b4aeb73"",""action_index"":0},""gov_action"":""Information"",""anchor"":{""url"":""https://ipfs.io/ipfs/bafkreieu47jw2qoxmqz67qyhhj4pi7fssuth5s4mm42qleqtw5tuzs3pgu"",""data_hash"":""ec7179c11582daa390e6d0c3f3cc46b0116d96aadcc74e02aa8d8e91434ab7af""}}",,,,,Some(563),cy6/n0/a1:dy1968485489377223/n1575392251167775/a136956063991471:sy120064848874479/n292325975972066/a7529539417150735,c0:d1:s1
gov_action1mmalzkcxpyn33t05hml2hxpwq0ffv6uu4mhe8sv7guz5nmm4afysqlmepzl,defbf15b06092718adf4befeab982e03d2966b9caeef93c19e470549ef75ea49,0,,100000000000,eb48b72735ee0e97154ad84fdad93bb27aaf7d052e2f500e4a3bd4a8,556,,Information,"{""deposit"":100000000000,""reward_account"":{""network"":""Mainnet"",""credential"":{""AddrKeyHash"":""eb48b72735ee0e97154ad84fdad93bb27aaf7d052e2f500e4a3bd4a8""}},""gov_action_id"":{""transaction_id"":""defbf15b06092718adf4befeab982e03d2966b9caeef93c19e470549ef75ea49"",""action_index"":0},""gov_action"":""Information"",""anchor"":{""url"":""https://most-brass-sun.quicknode-ipfs.com/ipfs/QmaWrgqcQS7jYyLYFpvBiamZ4mCoeasL78qaPASDaJ6dT3"",""data_hash"":""4a4c99645a68d29eab6615ac71191cc92c745f92f97cdaf47890be1bad7487a7""}}",,,,,Some(563),cy0/n7/a0:dy1716868287029717/n1148766047064057/a441821409271340:sy197637922169166/n168731121670592/a7574683104597726,c0:d1:s1
gov_action1u9x73kwufaxa70lfy59g4ynwyrcsaxdcd0gxzzmh67s9fxq4j8hqqk2phgh,e14de8d9dc4f4ddf3fe9250a8a926e20f10e99b86bd0610b77d7a054981591ee,0,,100000000000,bedc1520bf15d3da79e244954d7b837e9b5a3b9d3f7aaaa63375197d,557,,Information,"{""deposit"":100000000000,""reward_account"":{""network"":""Mainnet"",""credential"":{""AddrKeyHash"":""bedc1520bf15d3da79e244954d7b837e9b5a3b9d3f7aaaa63375197d""}},""gov_action_id"":{""transaction_id"":""e14de8d9dc4f4ddf3fe9250a8a926e20f10e99b86bd0610b77d7a054981591ee"",""action_index"":0},""gov_action"":""Information"",""anchor"":{""url"":""ipfs://bafkreibeajhkes7bxjlkghkingcgltqcwazz2ya5oknveqwt5nont7tg6u"",""data_hash"":""b95d8f8e324e9863905f16dbad94c1f25b28b933ae842e6f8ce9841c8da5b197""}}",,,,,Some(564),cy6/n0/a1:dy3507571619310506/n713350779143888/a139426623936426:sy582514477326475/n87206952930924/a7670373969079634,c0:d1:s1
gov_action1vrkk4dpuss8l3z9g4uc2rmf8ks0f7j534zvz9v4k85dlc54wa3zsqq68rx0,60ed6ab43c840ff888a8af30a1ed27b41e9f4a91a89822b2b63d1bfc52aeec45,0,,100000000000,58e8e98c65b608a9a9ebdea42f07ddb4ca898aefaa10f4d0145b995e,566,,TreasuryWithdrawals,"{""deposit"":100000000000,""reward_account"":{""network"":""Mainnet"",""credential"":{""ScriptHash"":""58e8e98c65b608a9a9ebdea42f07ddb4ca898aefaa10f4d0145b995e""}},""gov_action_id"":{""transaction_id"":""60ed6ab43c840ff888a8af30a1ed27b41e9f4a91a89822b2b63d1bfc52aeec45"",""action_index"":0},""gov_action"":{""TreasuryWithdrawals"":{""rewards"":[[[241,135,127,87,224,189,204,129,103,233,132,222,224,82,216,221,115,70,239,252,8,255,128,162,155,4,94,26,16],500000000000],[[241,155,234,230,252,127,234,218,108,207,130,69,84,181,227,164,152,234,177,82,5,172,146,72,195,251,153,59,95],300000000000],[[241,134,14,224,246,189,130,53,132,42,144,138,253,134,220,148,156,76,157,171,215,75,9,101,195,100,184,211,21],100000000000],[[241,228,37,152,78,36,251,44,6,173,103,104,130,23,141,222,230,228,123,153,74,88,154,227,215,12,129,124,121],300000000000],[[241,167,150,104,120,85,12,225,30,200,168,59,147,252,26,110,16,93,84,79,120,73,68,1,6,108,79,224,207],300000000000]],""script_hash"":""fa24fb305126805cf2164c161d852a0e7330cf988f1fe558cf7d4a64""}},""anchor"":{""url"":""ipfs://bafkreifw3qs7brjn4tdvyprnh2r343oerbdghasp5ws6ro55frbpll3dta"",""data_hash"":""d2f633b044f33117ace7cde8c045fcc930060a6dbdd083f7491148a86a3c5ebd""}}",,Some(570),Some(571),,,cy7/n0/a0:dy3952991236887647/n21113710721227/a49030198693224:sy0/n45904497133203/a8769110939920628,c2/3:d67/100:s0
gov_action1n5sn54mgf47a7men2ryq6ppx88kta4wvenz2qkl4f9v6ppje8easqxwm88m,9d213a57684d7ddf6f3350c80d042639ecbed5ccccc4a05bf54959a086593e7b,0,,100000000000,2bf8a40b8101c071d7f1c1ba3736c2d3a9667fb13e35dc1864f170d0,567,,Information,"{""deposit"":100000000000,""reward_account"":{""network"":""Mainnet"",""credential"":{""ScriptHash"":""2bf8a40b8101c071d7f1c1ba3736c2d3a9667fb13e35dc1864f170d0""}},""gov_action_id"":{""transaction_id"":""9d213a57684d7ddf6f3350c80d042639ecbed5ccccc4a05bf54959a086593e7b"",""action_index"":0},""gov_action"":""Information"",""anchor"":{""url"":""ipfs://QmP9iDuML2VmoFigTJifBj87LxZ3DNnREyU27DE1MrpZDg"",""data_hash"":""b3dc422b419a0e7beee4bf594bcfd344d87e2dc593d0fef5eb1fd218c0a6137b""}}",,,,,Some(574),cy7/n0/a0:dy2712542125775199/n905349472744026/a655320512478000:sy64577424803688/n105644291633671/a8924862341596805,c0:d1:s1
gov_action13tfag48nf94rtjcdq7c06vhkslmxxw9h6c88sl7q5g5nnewcsvlqqfgyy3v,8ad3d454f3496a35cb0d07b0fd32f687f66338b7d60e787fc0a22939e5d8833e,0,,100000000000,192688a334130db2b51aedea594301010b0d1d2e9a86a460932520ba,570,,TreasuryWithdrawals,"{""deposit"":100000000000,""reward_account"":{""network"":""Mainnet"",""credential"":{""AddrKeyHash"":""192688a334130db2b51aedea594301010b0d1d2e9a86a460932520ba""}},""gov_action_id"":{""transaction_id"":""8ad3d454f3496a35cb0d07b0fd32f687f66338b7d60e787fc0a22939e5d8833e"",""action_index"":0},""gov_action"":{""TreasuryWithdrawals"":{""rewards"":[[[241,133,131,133,126,74,18,255,225,230,246,65,161,120,90,15,47,3,108,86,92,251,230,255,157,184,229,164,105],2162096000000]],""script_hash"":""fa24fb305126805cf2164c161d852a0e7330cf988f1fe558cf7d4a64""}},""anchor"":{""url"":""ipfs://bafkreidjnukg5c7u5zlkxaciy4hkxfixvtquhx6uzlqpydvrxormfqpdm4"",""data_hash"":""6611ea5602de95d463ecf28f1c4ca26ad91fe7ed499d0a1594e3c2fd528a2a62""}}",,Some(574),Some(575),,,cy5/n0/a0:dy3976814149513934/n91243244304464/a0:sy0/n45264286571665/a8925007558191196,c2/3:d67/100:s0
gov_action13tfag48nf94rtjcdq7c06vhkslmxxw9h6c88sl7q5g5nnewcsvlqz6d98zp,8ad3d454f3496a35cb0d07b0fd32f687f66338b7d60e787fc0a22939e5d8833e,1,,100000000000,192688a334130db2b51aedea594301010b0d1d2e9a86a460932520ba,570,,TreasuryWithdrawals,"{""deposit"":100000000000,""reward_account"":{""network"":""Mainnet"",""credential"":{""AddrKeyHash"":""192688a334130db2b51aedea594301010b0d1d2e9a86a460932520ba""}},""gov_action_id"":{""transaction_id"":""8ad3d454f3496a35cb0d07b0fd32f687f66338b7d60e787fc0a22939e5d8833e"",""action_index"":1},""gov_action"":{""TreasuryWithdrawals"":{""rewards"":[[[241,133,131,133,126,74,18,255,225,230,246,65,161,120,90,15,47,3,108,86,92,251,230,255,157,184,229,164,105],96817080000000]],""script_hash"":""fa24fb305126805cf2164c161d852a0e7330cf988f1fe558cf7d4a64""}},""anchor"":{""url"":""ipfs://bafkreigt5xy56qjxd7dl2s7u6jxec2cfxevynppvgnnjifc2wawr7md5ha"",""data_hash"":""442b57ebf94db21544475a5dbdfe57f50e648646533d31bfa329c280aebfcfe9""}}",,Some(574),Some(575),,,cy5/n0/a0:dy3759538115826368/n23071143173115/a312404583934685:sy0/n45264286571665/a8925007558191196,c2/3:d67/100:s0
gov_action13tfag48nf94rtjcdq7c06vhkslmxxw9h6c88sl7q5g5nnewcsvlpwywvhcq,8ad3d454f3496a35cb0d07b0fd32f687f66338b7d60e787fc0a22939e5d8833e,23,,100000000000,192688a334130db2b51aedea594301010b0d1d2e9a86a460932520ba,570,,TreasuryWithdrawals,"{""deposit"":100000000000,""reward_account"":{""network"":""Mainnet"",""credential"":{""AddrKeyHash"":""192688a334130db2b51aedea594301010b0d1d2e9a86a460932520ba""}},""gov_action_id"":{""transaction_id"":""8ad3d454f3496a35cb0d07b0fd32f687f66338b7d60e787fc0a22939e5d8833e"",""action_index"":23},""gov_action"":{""TreasuryWithdrawals"":{""rewards"":[[[241,133,131,133,126,74,18,255,225,230,246,65,161,120,90,15,47,3,108,86,92,251,230,255,157,184,229,164,105],69459000000000]],""script_hash"":""fa24fb305126805cf2164c161d852a0e7330cf988f1fe558cf7d4a64""}},""anchor"":{""url"":""ipfs://bafkreid2pq5icpp77nfvdvnb5ipy3fqs77tpnls4ngxy6semzkdq7d2z7y"",""data_hash"":""5edb23193df820ab4e8334d2e12fdc57aac5f06fe9a81067aa651b3439b57119""}}",,Some(574),Some(575),,,cy5/n0/a0:dy3781110355314983/n72677542169854/a61768571356565:sy0/n45264286571665/a8925007558191196,c2/3:d67/100:s0
gov_action18nefry4qacd80xzs2srjahxm2e4vz3c8wvrr03rrtk8mdqfuknysq66459t,3cf29192a0ee1a77985054072edcdb566ac14707730637c4635d8fb6813cb4c9,0,,100000000000,192688a334130db2b51aedea594301010b0d1d2e9a86a460932520ba,570,,TreasuryWithdrawals,"{""deposit"":100000000000,""reward_account"":{""network"":""Mainnet"",""credential"":{""AddrKeyHash"":""192688a334130db2b51aedea594301010b0d1d2e9a86a460932520ba""}},""gov_action_id"":{""transaction_id"":""3cf29192a0ee1a77985054072edcdb566ac14707730637c4635d8fb6813cb4c9"",""action_index"":0},""gov_action"":{""TreasuryWithdrawals"":{""rewards"":[[[241,133,131,133,126,74,18,255,225,230,246,65,161,120,90,15,47,3,108,86,92,251,230,255,157,184,229,164,105],45217000000]],""script_hash"":""fa24fb305126805cf2164c161d852a0e7330cf988f1fe558cf7d4a64""}},""anchor"":{""url"":""ipfs://bafkreihj3ddbz7c52l2s3klalsf4ux5xqkawktom5v5apfral37hs6kpki"",""data_hash"":""daef7fd77381f73cb8ac592762e4073cf18c756d347aefadc8a5bc32c1383a1b""}}",,Some(575),Some(576),,,cy6/n0/a0:dy3775398093623165/n216223747038668/a360380692141411:sy0/n45496368600861/a8651643168729505,c2/3:d67/100:s0
gov_action13tfag48nf94rtjcdq7c06vhkslmxxw9h6c88sl7q5g5nnewcsvlqyxzxz7k,8ad3d454f3496a35cb0d07b0fd32f687f66338b7d60e787fc0a22939e5d8833e,2,,100000000000,192688a334130db2b51aedea594301010b0d1d2e9a86a460932520ba,570,,TreasuryWithdrawals,"{""deposit"":100000000000,""reward_account"":{""network"":""Mainnet"",""credential"":{""AddrKeyHash"":""192688a334130db2b51aedea594301010b0d1d2e9a86a460932520ba""}},""gov_action_id"":{""transaction_id"":""8ad3d454f3496a35cb0d07b0fd32f687f66338b7d60e787fc0a22939e5d8833e"",""action_index"":2},""gov_action"":{""TreasuryWithdrawals"":{""rewards"":[[[241,133,131,133,126,74,18,255,225,230,246,65,161,120,90,15,47,3,108,86,92,251,230,255,157,184,229,164,105],1300000000000]],""script_hash"":""fa24fb305126805cf2164c161d852a0e7330cf988f1fe558cf7d4a64""}},""anchor"":{""url"":""ipfs://bafkreidgiirfod3axto3xf3nducsao5w4rp6vqrijeh5m6mqgdxotaafbq"",""data_hash"":""8d1c0464f194050638886d250d50900b63761673f6782cdf068ceebaf09624d7""}}",,Some(575),Some(576),,,cy6/n0/a0:dy4416966286231427/n47629442776926/a106272134891265:sy0/n45496368600861/a8651643168729505,c2/3:d67/100:s0
gov_action13tfag48nf94rtjcdq7c06vhkslmxxw9h6c88sl7q5g5nnewcsvlqx488pdm,8ad3d454f3496a35cb0d07b0fd32f687f66338b7d60e787fc0a22939e5d8833e,3,,100000000000,192688a334130db2b51aedea594301010b0d1d2e9a86a460932520ba,570,,TreasuryWithdrawals,"{""deposit"":100000000000,""reward_account"":{""network"":""Mainnet"",""credential"":{""AddrKeyHash"":""192688a334130db2b51aedea594301010b0d1d2e9a86a460932520ba""}},""gov_action_id"":{""transaction_id"":""8ad3d454f3496a35cb0d07b0fd32f687f66338b7d60e787fc0a22939e5d8833e"",""action_index"":3},""gov_action"":{""TreasuryWithdrawals"":{""rewards"":[[[241,133,131,133,126,74,18,255,225,230,246,65,161,120,90,15,47,3,108,86,92,251,230,255,157,184,229,164,105],424800000000]],""script_hash"":""fa24fb305126805cf2164c161d852a0e7330cf988f1fe558cf7d4a64""}},""anchor"":{""url"":""ipfs://bafkreicmz5a6ylplflowjdj7vjzp6glt45k2r6mnhwlmzq7kjkl3fvuzeu"",""data_hash"":""6aa8145ce310d9cdd733690a36ec68d017ec3c7f5bad82bfb3cf3792dc4787fc""}}",,Some(575),Some(576),,,cy6/n0/a0:dy3912265888841845/n146755455118850/a266479858848891:sy0/n45496368600861/a8651643168729505,c2/3:d67/100:s0
gov_action13tfag48nf94rtjcdq7c06vhkslmxxw9h6c88sl7q5g5nnewcsvlqghuqg03,8ad3d454f3496a35cb0d07b0fd32f687f66338b7d60e787fc0a22939e5d8833e,4,,100000000000,192688a334130db2b51aedea594301010b0d1d2e9a86a460932520ba,570,,TreasuryWithdrawals,"{""deposit"":100000000000,""reward_account"":{""network"":""Mainnet"",""credential"":{""AddrKeyHash"":""192688a334130db2b51aedea594301010b0d1d2e9a86a460932520ba""}},""gov_action_id"":{""transaction_id"":""8ad3d454f3496a35cb0d07b0fd32f687f66338b7d60e787fc0a22939e5d8833e"",""action_index"":4},""gov_action"":{""TreasuryWithdrawals"":{""rewards"":[[[241,133,131,133,126,74,18,255,225,230,246,65,161,120,90,15,47,3,108,86,92,251,230,255,157,184,229,164,105],220914000000]],""script_hash"":""fa24fb305126805cf2164c161d852a0e7330cf988f1fe558cf7d4a64""}},""anchor"":{""url"":""ipfs://bafkreigm5xreg7ezyedhowwecyy2qnue3bfhbw5dex5odmvunddeg5jsem"",""data_hash"":""d09693b720a87b5ea098b64dcd6687ece19cb407d3d38b9a08149199591ce39e""}}",,Some(575),Some(576),,,cy6/n0/a0:dy4123036906004933/n37100120835199/a300769700564807:sy0/n45496368600861/a8651643168729505,c2/3:d67/100:s0
gov_action13tfag48nf94rtjcdq7c06vhkslmxxw9h6c88sl7q5g5nnewcsvlq2yeptuu,8ad3d454f3496a35cb0d07b0fd32f687f66338b7d60e787fc0a22939e5d8833e,5,,100000000000,192688a334130db2b51aedea594301010b0d1d2e9a86a460932520ba,570,,TreasuryWithdrawals,"{""deposit"":100000000000,""reward_account"":{""network"":""Mainnet"",""credential"":{""AddrKeyHash"":""192688a334130db2b51aedea594301010b0d1d2e9a86a460932520ba""}},""gov_action_id"":{""transaction_id"":""8ad3d454f3496a35cb0d07b0fd32f687f66338b7d60e787fc0a22939e5d8833e"",""action_index"":5},""gov_action"":{""TreasuryWithdrawals"":{""rewards"":[[[241,133,131,133,126,74,18,255,225,230,246,65,161,120,90,15,47,3,108,86,92,251,230,255,157,184,229,164,105],220914000000]],""script_hash"":""fa24fb305126805cf2164c161d852a0e7330cf988f1fe558cf7d4a64""}},""anchor"":{""url"":""ipfs://bafkreibcranrq3y5eh7pcjuvq2tcmlapfw2pc7x3nazwp5lonx6docoayu"",""data_hash"":""ca11386eb00bb251d30325abf0aeac97aeca08e97efe9bd421450ed25c558cbd""}}",,Some(575),Some(576),,,cy6/n0/a0:dy4127403552633882/n93498936837503/a291622240746161:sy0/n45496368600861/a8651643168729505,c2/3:d67/100:s0
gov_action13tfag48nf94rtjcdq7c06vhkslmxxw9h6c88sl7q5g5nnewcsvlqvckzwqt,8ad3d454f3496a35cb0d07b0fd32f687f66338b7d60e787fc0a22939e5d8833e,6,,100000000000,192688a334130db2b51aedea594301010b0d1d2e9a86a460932520ba,570,,TreasuryWithdrawals,"{""deposit"":100000000000,""reward_account"":{""network"":""Mainnet"",""credential"":{""AddrKeyHash"":""192688a334130db2b51aedea594301010b0d1d2e9a86a460932520ba""}},""gov_action_id"":{""transaction_id"":""8ad3d454f3496a35cb0d07b0fd32f687f66338b7d60e787fc0a22939e5d8833e"",""action_index"":6},""gov_action"":{""TreasuryWithdrawals"":{""rewards"":[[[241,133,131,133,126,74,18,255,225,230,246,65,161,120,90,15,47,3,108,86,92,251,230,255,157,184,229,164,105],130903000000]],""script_hash"":""fa24fb305126805cf2164c161d852a0e7330cf988f1fe558cf7d4a64""}},""anchor"":{""url"":""ipfs://bafkreigfhg7nn4pshyogcokcuo7ohpjpw6gaatnm74hum5vungrqwvpxs4"",""data_hash"":""33ee5e233b63202eaee7012a94775a1962655684fb23a1d2fcdef8495b7253b5""}}",,Some(575),Some(576),,,cy6/n0/a0:dy4003971842886634/n128012572670367/a290773630465186:sy0/n45496368600861/a8651643168729505,c2/3:d67/100:s0
gov_action13tfag48nf94rtjcdq7c06vhkslmxxw9h6c88sl7q5g5nnewcsvlqwtnrdnx,8ad3d454f3496a35cb0d07b0fd32f687f66338b7d60e787fc0a22939e5d8833e,7,,100000000000,192688a334130db2b51aedea594301010b0d1d2e9a86a460932520ba,570,,TreasuryWithdrawals,"{""deposit"":100000000000,""reward_account"":{""network"":""Mainnet"",""credential"":{""AddrKeyHash"":""192688a334130db2b51aedea594301010b0d1d2e9a86a460932520ba""}},""gov_action_id"":{""transaction_id"":""8ad3d454f3496a35cb0d07b0fd32f687f66338b7d60e787fc0a22939e5d8833e"",""action_index"":7},""gov_action"":{""TreasuryWithdrawals"":{""rewards"":[[[241,133,131,133,126,74,18,255,225,230,246,65,161,120,90,15,47,3,108,86,92,251,230,255,157,184,229,164,105],1161000000000]],""script_hash"":""fa24fb305126805cf2164c161d852a0e7330cf988f1fe558cf7d4a64""}},""anchor"":{""url"":""ipfs://bafkreigjofgwm4qtwn7r3e6nczaxo7jp4fmhzphozrpcuvnx5k2khlbtty"",""data_hash"":""81d30592754fb8e332e5f5457e92107e0cb98c49a176eed4959067fa65989c54""}}",,Some(575),Some(576),,,cy6/n0/a0:dy4294603991642365/n169758786479795/a88745887016253:sy0/n45496368600861/a8651643168729505,c2/3:d67/100:s0
gov_action13tfag48nf94rtjcdq7c06vhkslmxxw9h6c88sl7q5g5nnewcsvlqsufvuyl,8ad3d454f3496a35cb0d07b0fd32f687f66338b7d60e787fc0a22939e5d8833e,8,,100000000000,192688a334130db2b51aedea594301010b0d1d2e9a86a460932520ba,570,,TreasuryWithdrawals,"{""deposit"":100000000000,""reward_account"":{""network"":""Mainnet"",""credential"":{""AddrKeyHash"":""192688a334130db2b51aedea594301010b0d1d2e9a86a460932520ba""}},""gov_action_id"":{""transaction_id"":""8ad3d454f3496a35cb0d07b0fd32f687f66338b7d60e787fc0a22939e5d8833e"",""action_index"":8},""gov_action"":{""TreasuryWithdrawals"":{""rewards"":[[[241,133,131,133,126,74,18,255,225,230,246,65,161,120,90,15,47,3,108,86,92,251,230,255,157,184,229,164,105],220914000000]],""script_hash"":""fa24fb305126805cf2164c161d852a0e7330cf988f1fe558cf7d4a64""}},""anchor"":{""url"":""ipfs://bafkreihqhuiuwdjyukw4ul5obxz656ndyz5najokjhdw7mbdscskyaalfu"",""data_hash"":""ec310bd41bbdf756ad1deca9134e47662d4ae40a8ba5db3f4b694088d5cd17e9""}}",,Some(575),Some(576),,,cy6/n0/a0:dy3907563142337673/n31575072136142/a283049867019077:sy0/n45496368600861/a8651643168729505,c2/3:d67/100:s0
gov_action13tfag48nf94rtjcdq7c06vhkslmxxw9h6c88sl7q5g5nnewcsvlqj0vdlhj,8ad3d454f3496a35cb0d07b0fd32f687f66338b7d60e787fc0a22939e5d8833e,9,,100000000000,192688a334130db2b51aedea594301010b0d1d2e9a86a460932520ba,570,,TreasuryWithdrawals,"{""deposit"":100000000000,""reward_account"":{""network"":""Mainnet"",""credential"":{""AddrKeyHash"":""192688a334130db2b51aedea594301010b0d1d2e9a86a460932520ba""}},""gov_action_id"":{""transaction_id"":""8ad3d454f3496a35cb0d07b0fd32f687f66338b7d60e787fc0a22939e5d8833e"",""action_index"":9},""gov_action"":{""TreasuryWithdrawals"":{""rewards"":[[[241,133,131,133,126,74,18,255,225,230,246,65,161,120,90,15,47,3,108,86,92,251,230,255,157,184,229,164,105],300000000000]],""script_hash"":""fa24fb305126805cf2164c161d852a0e7330cf988f1fe558cf7d4a64""}},""anchor"":{""url"":""ipfs://bafkreibwg74hpx5vyyixzggxdkunrqy6kdkx2mpp57r6fknkqe7z263omm"",""data_hash"":""544766bf20cf0099532a2c65d58b9a33c6078d8939e14dbfc4c18386d816fb32""}}",,Some(575),Some(576),,,cy6/n0/a0:dy3857163095530159/n294677009243627/a60906412152771:sy0/n45496368600861/a8651643168729505,c2/3:d67/100:s0
gov_action13tfag48nf94rtjcdq7c06vhkslmxxw9h6c88sl7q5g5nnewcsvlq5nrw6t9,8ad3d454f3496a35cb0d07b0fd32f687f66338b7d60e787fc0a22939e5d8833e,10,,100000000000,192688a334130db2b51aedea594301010b0d1d2e9a86a460932520ba,570,,TreasuryWithdrawals,"{""deposit"":100000000000,""reward_account"":{""network"":""Mainnet"",""credential"":{""AddrKeyHash"":""192688a334130db2b51aedea594301010b0d1d2e9a86a460932520ba""}},""gov_action_id"":{""transaction_id"":""8ad3d454f3496a35cb0d07b0fd32f687f66338b7d60e787fc0a22939e5d8833e"",""action_index"":10},""gov_action"":{""TreasuryWithdrawals"":{""rewards"":[[[241,133,131,133,126,74,18,255,225,230,246,65,161,120,90,15,47,3,108,86,92,251,230,255,157,184,229,164,105],600000000000]],""script_hash"":""fa24fb305126805cf2164c161d852a0e7330cf988f1fe558cf7d4a64""}},""anchor"":{""url"":""ipfs://bafkreicc2dbqlrkqhahasq2qqho3lry2axt4adrfnamro43m56v5sib7hi"",""data_hash"":""9301895f96b7874146af42202c318f5ba09972a435c33a4897d4c4f9ecc369b5""}}",,Some(575),Some(576),,,cy6/n0/a0:dy3810524886012570/n372017086977896/a80684361554166:sy0/n45496368600861/a8651643168729505,c2/3:d67/100:s0
gov_action13tfag48nf94rtjcdq7c06vhkslmxxw9h6c88sl7q5g5nnewcsvlqkqx0ecg,8ad3d454f3496a35cb0d07b0fd32f687f66338b7d60e787fc0a22939e5d8833e,11,,100000000000,192688a334130db2b51aedea594301010b0d1d2e9a86a460932520ba,570,,TreasuryWithdrawals,"{""deposit"":100000000000,""reward_account"":{""network"":""Mainnet"",""credential"":{""AddrKeyHash"":""192688a334130db2b51aedea594301010b0d1d2e9a86a460932520ba""}},""gov_action_id"":{""transaction_id"":""8ad3d454f3496a35cb0d07b0fd32f687f66338b7d60e787fc0a22939e5d8833e"",""action_index"":11},""gov_action"":{""TreasuryWithdrawals"":{""rewards"":[[[241,133,131,133,126,74,18,255,225,230,246,65,161,120,90,15,47,3,108,86,92,251,230,255,157,184,229,164,105],5885000000000]],""script_hash"":""fa24fb305126805cf2164c161d852a0e7330cf988f1fe558cf7d4a64""}},""anchor"":{""url"":""ipfs://bafkreiedjhlwerulq5qg5tku2qqremf2cf2dguxvktttnjddei3fxct37a"",""data_hash"":""0865ae8cbb9944db8fe55226ddb81870ef2c437e04ad5f960bf1df6d4248a848""}}",,Some(575),Some(576),,,cy6/n0/a0:dy3832679897110835/n383054319510381/a43105307515075:sy0/n45496368600861/a8651643168729505,c2/3:d67/100:s0
gov_action13tfag48nf94rtjcdq7c06vhkslmxxw9h6c88sl7q5g5nnewcsvlqczags6z,8ad3d454f3496a35cb0d07b0fd32f687f66338b7d60e787fc0a22939e5d8833e,12,,100000000000,192688a334130db2b51aedea594301010b0d1d2e9a86a460932520ba,570,,TreasuryWithdrawals,"{""deposit"":100000000000,""reward_account"":{""network"":""Mainnet"",""credential"":{""AddrKeyHash"":""192688a334130db2b51aedea594301010b0d1d2e9a86a460932520ba""}},""gov_action_id"":{""transaction_id"":""8ad3d454f3496a35cb0d07b0fd32f687f66338b7d60e787fc0a22939e5d8833e"",""action_index"":12},""gov_action"":{""TreasuryWithdrawals"":{""rewards"":[[[241,133,131,133,126,74,18,255,225,230,246,65,161,120,90,15,47,3,108,86,92,251,230,255,157,184,229,164,105],578571000000]],""script_hash"":""fa24fb305126805cf2164c161d852a0e7330cf988f1fe558cf7d4a64""}},""anchor"":{""url"":""ipfs://bafkreig7hi75t33nvu5t6y4hqf26thdpwvwvqcuzo3o3ehccslrwtf6bwe"",""data_hash"":""35e6ee6e76bc847af8a9731d5341ae697f62485cc1ad946527587663e4ec0862""}}",,Some(575),Some(576),,,cy6/n0/a0:dy3928605677216081/n221052666388802/a278457720116447:sy0/n45496368600861/a8651643168729505,c2/3:d67/100:s0
gov_action13tfag48nf94rtjcdq7c06vhkslmxxw9h6c88sl7q5g5nnewcsvlq63cfnf0,8ad3d454f3496a35cb0d07b0fd32f687f66338b7d60e787fc0a22939e5d8833e,13,,100000000000,192688a334130db2b51aedea594301010b0d1d2e9a86a460932520ba,570,,TreasuryWithdrawals,"{""deposit"":100000000000,""reward_account"":{""network"":""Mainnet"",""credential"":{""AddrKeyHash"":""192688a334130db2b51aedea594301010b0d1d2e9a86a460932520ba""}},""gov_action_id"":{""transaction_id"":""8ad3d454f3496a35cb0d07b0fd32f687f66338b7d60e787fc0a22939e5d8833e"",""action_index"":13},""gov_action"":{""TreasuryWithdrawals"":{""rewards"":[[[241,133,131,133,126,74,18,255,225,230,246,65,161,120,90,15,47,3,108,86,92,251,230,255,157,184,229,164,105],243478000000]],""script_hash"":""fa24fb305126805cf2164c161d852a0e7330cf988f1fe558cf7d4a64""}},""anchor"":{""url"":""ipfs://bafkreienjc55atyjxfy7ij2mthoud6m2um5snifhjvurflfujf4s2sa3le"",""data_hash"":""2c7c141d70a47bbe09bab2d74a777c9bac5e65072b808e56364df23e490e7158""}}",,Some(575),Some(576),,,cy6/n0/a0:dy3778202977971926/n128810538437043/a308832398324647:sy0/n45496368600861/a8651643168729505,c2/3:d67/100:s0
gov_action13tfag48nf94rtjcdq7c06vhkslmxxw9h6c88sl7q5g5nnewcsvlqudh2k4c,8ad3d454f3496a35cb0d07b0fd32f687f66338b7d60e787fc0a22939e5d8833e,14,,100000000000,192688a334130db2b51aedea594301010b0d1d2e9a86a460932520ba,570,,TreasuryWithdrawals,"{""deposit"":100000000000,""reward_account"":{""network"":""Mainnet"",""credential"":{""AddrKeyHash"":""192688a334130db2b51aedea594301010b0d1d2e9a86a460932520ba""}},""gov_action_id"":{""transaction_id"":""8ad3d454f3496a35cb0d07b0fd32f687f66338b7d60e787fc0a22939e5d8833e"",""action_index"":14},""gov_action"":{""TreasuryWithdrawals"":{""rewards"":[[[241,133,131,133,126,74,18,255,225,230,246,65,161,120,90,15,47,3,108,86,92,251,230,255,157,184,229,164,105],11070323000000]],""script_hash"":""fa24fb305126805cf2164c161d852a0e7330cf988f1fe558cf7d4a64""}},""anchor"":{""url"":""ipfs://bafkreidlgy2mljdxjknsxzpy6im5xkgsw4ticvwqmgedecs53dzdqhgdlu"",""data_hash"":""225fab3a8600db184858739731afcfbaf3edc68f5605f5cac402070d0e11402a""}}",,Some(575),Some(576),,,cy6/n0/a0:dy3832063805651559/n503907776288596/a60355021485498:sy0/n45496368600861/a8651643168729505,c2/3:d67/100:s0
gov_action13tfag48nf94rtjcdq7c06vhkslmxxw9h6c88sl7q5g5nnewcsvlq77jt4x4,8ad3d454f3496a35cb0d07b0fd32f687f66338b7d60e787fc0a22939e5d8833e,15,,100000000000,192688a334130db2b51aedea594301010b0d1d2e9a86a460932520ba,570,,TreasuryWithdrawals,"{""deposit"":100000000000,""reward_account"":{""network"":""Mainnet"",""credential"":{""AddrKeyHash"":""192688a334130db2b51aedea594301010b0d1d2e9a86a460932520ba""}},""gov_action_id"":{""transaction_id"":""8ad3d454f3496a35cb0d07b0fd32f687f66338b7d60e787fc0a22939e5d8833e"",""action_index"":15},""gov_action"":{""TreasuryWithdrawals"":{""rewards"":[[[241,133,131,133,126,74,18,255,225,230,246,65,161,120,90,15,47,3,108,86,92,251,230,255,157,184,229,164,105],700000000000]],""script_hash"":""fa24fb305126805cf2164c161d852a0e7330cf988f1fe558cf7d4a64""}},""anchor"":{""url"":""ipfs://bafkreians5wdbxjgttbajinzfrhdxd7q7mzpfahsyyjntcq4xekts4qasu"",""data_hash"":""0274553f9fd998e540d3259081a7c2ef5eafce501606f588676b95d6f0bcc25f""}}",,Some(575),Some(576),,,cy6/n0/a0:dy3873369982861603/n302305101685303/a288356157216337:sy0/n45496368600861/a8651643168729505,c2/3:d67/100:s0
gov_action13tfag48nf94rtjcdq7c06vhkslmxxw9h6c88sl7q5g5nnewcsvlpqx4t762,8ad3d454f3496a35cb0d07b0fd32f687f66338b7d60e787fc0a22939e5d8833e,16,,100000000000,192688a334130db2b51aedea594301010b0d1d2e9a86a460932520ba,570,,TreasuryWithdrawals,"{""deposit"":100000000000,""reward_account"":{""network"":""Mainnet"",""credential"":{""AddrKeyHash"":""192688a334130db2b51aedea594301010b0d1d2e9a86a460932520ba""}},""gov_action_id"":{""transaction_id"":""8ad3d454f3496a35cb0d07b0fd32f687f66338b7d60e787fc0a22939e5d8833e"",""action_index"":16},""gov_action"":{""TreasuryWithdrawals"":{""rewards"":[[[241,133,131,133,126,74,18,255,225,230,246,65,161,120,90,15,47,3,108,86,92,251,230,255,157,184,229,164,105],583000000000]],""script_hash"":""fa24fb305126805cf2164c161d852a0e7330cf988f1fe558cf7d4a64""}},""anchor"":{""url"":""ipfs://bafkreiechnwimuhwdwovwscljcsypzjlidrmktcbcssoovbgwgxkm4g4d4"",""data_hash"":""e998c36fe5dfefc1d7db075b256ae8a2d0a221c270c4c6beb11bfeebd535c6b4""}}",,Some(575),Some(576),,,cy6/n0/a0:dy3423583714435364/n211811949947584/a479594075697693:sy0/n45496368600861/a8651643168729505,c2/3:d67/100:s0
gov_action13tfag48nf94rtjcdq7c06vhkslmxxw9h6c88sl7q5g5nnewcsvlpz4s2af8,8ad3d454f3496a35cb0d07b0fd32f687f66338b7d60e787fc0a22939e5d8833e,17,,100000000000,192688a334130db2b51aedea594301010b0d1d2e9a86a460932520ba,570,,TreasuryWithdrawals,"{""deposit"":100000000000,""reward_account"":{""network"":""Mainnet"",""credential"":{""AddrKeyHash"":""192688a334130db2b51aedea594301010b0d1d2e9a86a460932520ba""}},""gov_action_id"":{""transaction_id"":""8ad3d454f3496a35cb0d07b0fd32f687f66338b7d60e787fc0a22939e5d8833e"",""action_index"":17},""gov_action"":{""TreasuryWithdrawals"":{""rewards"":[[[241,133,131,133,126,74,18,255,225,230,246,65,161,120,90,15,47,3,108,86,92,251,230,255,157,184,229,164,105],657692000000]],""script_hash"":""fa24fb305126805cf2164c161d852a0e7330cf988f1fe558cf7d4a64""}},""anchor"":{""url"":""ipfs://bafkreiceukwtpmes66twb3axkdmftpg3p5vyfolgcyhkentlbuilc274fq"",""data_hash"":""543eab698dcbf20074c31b7898df8476b48aef779db1117d3b64ca8f224b18a7""}}",,Some(575),Some(576),,,cy6/n0/a0:dy3547269592174858/n352173100021242/a271699324733196:sy0/n45496368600861/a8651643168729505,c2/3:d67/100:s0
gov_action13tfag48nf94rtjcdq7c06vhkslmxxw9h6c88sl7q5g5nnewcsvlpyflfc4s,8ad3d454f3496a35cb0d07b0fd32f687f66338b7d60e787fc0a22939e5d8833e,18,,100000000000,192688a334130db2b51aedea594301010b0d1d2e9a86a460932520ba,570,,TreasuryWithdrawals,"{""deposit"":100000000000,""reward_account"":{""network"":""Mainnet"",""credential"":{""AddrKeyHash"":""192688a334130db2b51aedea594301010b0d1d2e9a86a460932520ba""}},""gov_action_id"":{""transaction_id"":""8ad3d454f3496a35cb0d07b0fd32f687f66338b7d60e787fc0a22939e5d8833e"",""action_index"":18},""gov_action"":{""TreasuryWithdrawals"":{""rewards"":[[[241,133,131,133,126,74,18,255,225,230,246,65,161,120,90,15,47,3,108,86,92,251,230,255,157,184,229,164,105],266667000000]],""script_hash"":""fa24fb305126805cf2164c161d852a0e7330cf988f1fe558cf7d4a64""}},""anchor"":{""url"":""ipfs://bafkreicrrim5wicmsnrjpw7gp52jmebn7a2ly6j4eopjkvdsol6adyboqu"",""data_hash"":""8bd3688c66f2735153455586c3d795358d04ef0f29243d22318a926bad73994f""}}",,Some(575),Some(576),,,cy6/n0/a0:dy3920516577717954/n94606429015464/a307496104384950:sy0/n45496368600861/a8651643168729505,c2/3:d67/100:s0
gov_action13tfag48nf94rtjcdq7c06vhkslmxxw9h6c88sl7q5g5nnewcsvlpgcp0jyh,8ad3d454f3496a35cb0d07b0fd32f687f66338b7d60e787fc0a22939e5d8833e,20,,100000000000,192688a334130db2b51aedea594301010b0d1d2e9a86a460932520ba,570,,TreasuryWithdrawals,"{""deposit"":100000000000,""reward_account"":{""network"":""Mainnet"",""credential"":{""AddrKeyHash"":""192688a334130db2b51aedea594301010b0d1d2e9a86a460932520ba""}},""gov_action_id"":{""transaction_id"":""8ad3d454f3496a35cb0d07b0fd32f687f66338b7d60e787fc0a22939e5d8833e"",""action_index"":20},""gov_action"":{""TreasuryWithdrawals"":{""rewards"":[[[241,133,131,133,126,74,18,255,225,230,246,65,161,120,90,15,47,3,108,86,92,251,230,255,157,184,229,164,105],212000000000]],""script_hash"":""fa24fb305126805cf2164c161d852a0e7330cf988f1fe558cf7d4a64""}},""anchor"":{""url"":""ipfs://bafkreigivcba5jtrmzvr4ilvokyyzbryry63cz6ctow7tjmmkjxpvgfbsq"",""data_hash"":""8b79b51817672478d2f416c28faaded094679bfe029750df4f5c1800581544d5""}}",,Some(575),Some(576),,,cy6/n0/a0:dy3918096412100857/n176684354345601/a104402169793594:sy0/n45496368600861/a8651643168729505,c2/3:d67/100:s0
gov_action13tfag48nf94rtjcdq7c06vhkslmxxw9h6c88sl7q5g5nnewcsvlp2tyw3h6,8ad3d454f3496a35cb0d07b0fd32f687f66338b7d60e787fc0a22939e5d8833e,21,,100000000000,192688a334130db2b51aedea594301010b0d1d2e9a86a460932520ba,570,,TreasuryWithdrawals,"{""deposit"":100000000000,""reward_account"":{""network"":""Mainnet"",""credential"":{""AddrKeyHash"":""192688a334130db2b51aedea594301010b0d1d2e9a86a460932520ba""}},""gov_action_id"":{""transaction_id"":""8ad3d454f3496a35cb0d07b0fd32f687f66338b7d60e787fc0a22939e5d8833e"",""action_index"":21},""gov_action"":{""TreasuryWithdrawals"":{""rewards"":[[[241,133,131,133,126,74,18,255,225,230,246,65,161,120,90,15,47,3,108,86,92,251,230,255,157,184,229,164,105],15750000000000]],""script_hash"":""fa24fb305126805cf2164c161d852a0e7330cf988f1fe558cf7d4a64""}},""anchor"":{""url"":""ipfs://bafkreidy6xsjjpdccodhiurbdcvtcf5tqzkyfgx3ruuhso2ijjuovycuny"",""data_hash"":""b71b018ef4d339cd75de80c9a57259247f1b38242ec2a9ae14f071d78e10352a""}}",,Some(575),Some(576),,,cy6/n0/a0:dy3714491095291722/n605770527084011/a151439135440342:sy0/n45496368600861/a8651643168729505,c2/3:d67/100:s0
gov_action13tfag48nf94rtjcdq7c06vhkslmxxw9h6c88sl7q5g5nnewcsvlpsn5rx0e,8ad3d454f3496a35cb0d07b0fd32f687f66338b7d60e787fc0a22939e5d8833e,24,,100000000000,192688a334130db2b51aedea594301010b0d1d2e9a86a460932520ba,570,,TreasuryWithdrawals,"{""deposit"":100000000000,""reward_account"":{""network"":""Mainnet"",""credential"":{""AddrKeyHash"":""192688a334130db2b51aedea594301010b0d1d2e9a86a460932520ba""}},""gov_action_id"":{""transaction_id"":""8ad3d454f3496a35cb0d07b0fd32f687f66338b7d60e787fc0a22939e5d8833e"",""action_index"":24},""gov_action"":{""TreasuryWithdrawals"":{""rewards"":[[[241,133,131,133,126,74,18,255,225,230,246,65,161,120,90,15,47,3,108,86,92,251,230,255,157,184,229,164,105],6000000000000]],""script_hash"":""fa24fb305126805cf2164c161d852a0e7330cf988f1fe558cf7d4a64""}},""anchor"":{""url"":""ipfs://bafkreidcvqu57gic4bigicuk6ssiykrkrfzi7c3jlwgiyxuskggqnyvcim"",""data_hash"":""d8e6cc4597d146f0a25c86daa9dfa0f3f106db7baa6d32e79c8992d6c36bac43""}}",,Some(575),Some(576),,,cy6/n0/a0:dy3871426832743001/n312108318877304/a285679584433047:sy0/n45496368600861/a8651643168729505,c2/3:d67/100:s0
gov_action13tfag48nf94rtjcdq7c06vhkslmxxw9h6c88sl7q5g5nnewcsvlp730y0dn,8ad3d454f3496a35cb0d07b0fd32f687f66338b7d60e787fc0a22939e5d8833e,31,,100000000000,192688a334130db2b51aedea594301010b0d1d2e9a86a460932520ba,570,,TreasuryWithdrawals,"{""deposit"":100000000000,""reward_account"":{""network"":""Mainnet"",""credential"":{""AddrKeyHash"":""192688a334130db2b51aedea594301010b0d1d2e9a86a460932520ba""}},""gov_action_id"":{""transaction_id"":""8ad3d454f3496a35cb0d07b0fd32f687f66338b7d60e787fc0a22939e5d8833e"",""action_index"":31},""gov_action"":{""TreasuryWithdrawals"":{""rewards"":[[[241,133,131,133,126,74,18,255,225,230,246,65,161,120,90,15,47,3,108,86,92,251,230,255,157,184,229,164,105],4000000000000]],""script_hash"":""fa24fb305126805cf2164c161d852a0e7330cf988f1fe558cf7d4a64""}},""anchor"":{""url"":""ipfs://bafkreihki45xehzrcyk6e7onyjc3u4mjg3vbd72oi5wfg2h6blemtr65yq"",""data_hash"":""7815312a170820ad2f5ad64e11118e31b4110c4bc995f7bd375911ec32e83c1a""}}",,Some(575),Some(576),,,cy6/n0/a0:dy3484769459532374/n337301277227806/a278447162327014:sy0/n45496368600861/a8651643168729505,c2/3:d67/100:s0
gov_action13tfag48nf94rtjcdq7c06vhkslmxxw9h6c88sl7q5g5nnewcsvlzqhm6e8q,8ad3d454f3496a35cb0d07b0fd32f687f66338b7d60e787fc0a22939e5d8833e,32,,100000000000,192688a334130db2b51aedea594301010b0d1d2e9a86a460932520ba,570,,TreasuryWithdrawals,"{""deposit"":100000000000,""reward_account"":{""network"":""Mainnet"",""credential"":{""AddrKeyHash"":""192688a334130db2b51aedea594301010b0d1d2e9a86a460932520ba""}},""gov_action_id"":{""transaction_id"":""8ad3d454f3496a35cb0d07b0fd32f687f66338b7d60e787fc0a22939e5d8833e"",""action_index"":32},""gov_action"":{""TreasuryWithdrawals"":{""rewards"":[[[241,133,131,133,126,74,18,255,225,230,246,65,161,120,90,15,47,3,108,86,92,251,230,255,157,184,229,164,105],26840000000000]],""script_hash"":""fa24fb305126805cf2164c161d852a0e7330cf988f1fe558cf7d4a64""}},""anchor"":{""url"":""ipfs://bafkreigq3zbxymon7of3x4jtn7zrzjk2merntcd54yhvmgsjsduq6h3zwa"",""data_hash"":""05e073547f99696350be0962e120f8af3236b15a36952468055834f97c570d61""}}",,Some(575),Some(576),,,cy6/n0/a0:dy4069468700542672/n95190047955002/a349534583251538:sy0/n45496368600861/a8651643168729505,c2/3:d67/100:s0
gov_action13tfag48nf94rtjcdq7c06vhkslmxxw9h6c88sl7q5g5nnewcsvlzzy7m65d,8ad3d454f3496a35cb0d07b0fd32f687f66338b7d60e787fc0a22939e5d8833e,33,,100000000000,192688a334130db2b51aedea594301010b0d1d2e9a86a460932520ba,570,,TreasuryWithdrawals,"{""deposit"":100000000000,""reward_account"":{""network"":""Mainnet"",""credential"":{""AddrKeyHash"":""192688a334130db2b51aedea594301010b0d1d2e9a86a460932520ba""}},""gov_action_id"":{""transaction_id"":""8ad3d454f3496a35cb0d07b0fd32f687f66338b7d60e787fc0a22939e5d8833e"",""action_index"":33},""gov_action"":{""TreasuryWithdrawals"":{""rewards"":[[[241,133,131,133,126,74,18,255,225,230,246,65,161,120,90,15,47,3,108,86,92,251,230,255,157,184,229,164,105],199911000000]],""script_hash"":""fa24fb305126805cf2164c161d852a0e7330cf988f1fe558cf7d4a64""}},""anchor"":{""url"":""ipfs://bafkreialtiknfumaxc23xjqxs2r4g5qjca3tikopmottieu5iq2sr77b3i"",""data_hash"":""6910800633dc66b84bb36e9ca1b520224ff68cf098e4eec51e621902036f67c3""}}",,Some(575),Some(576),,,cy6/n0/a0:dy3735352014196935/n229616552734653/a291179341095519:sy0/n45496368600861/a8651643168729505,c2/3:d67/100:s0
gov_action13tfag48nf94rtjcdq7c06vhkslmxxw9h6c88sl7q5g5nnewcsvlzyc3clg6,8ad3d454f3496a35cb0d07b0fd32f687f66338b7d60e787fc0a22939e5d8833e,34,,100000000000,192688a334130db2b51aedea594301010b0d1d2e9a86a460932520ba,570,,TreasuryWithdrawals,"{""deposit"":100000000000,""reward_account"":{""network"":""Mainnet"",""credential"":{""AddrKeyHash"":""192688a334130db2b51aedea594301010b0d1d2e9a86a460932520ba""}},""gov_action_id"":{""transaction_id"":""8ad3d454f3496a35cb0d07b0fd32f687f66338b7d60e787fc0a22939e5d8833e"",""action_index"":34},""gov_action"":{""TreasuryWithdrawals"":{""rewards"":[[[241,133,131,133,126,74,18,255,225,230,246,65,161,120,90,15,47,3,108,86,92,251,230,255,157,184,229,164,105],314800000000]],""script_hash"":""fa24fb305126805cf2164c161d852a0e7330cf988f1fe558cf7d4a64""}},""anchor"":{""url"":""ipfs://bafkreigrw7v6q2wcnbgjd22ev6eepitgaegtkkmhzwmsccfxmejkc3okbm"",""data_hash"":""e6c107cbeebdb4d1130befae9306527fe0e0f7deabaa23259579ef5ec1f1b6e6""}}",,Some(575),Some(576),,,cy6/n0/a0:dy3651699727323656/n363930909627167/a290914420563081:sy0/n45496368600861/a8651643168729505,c2/3:d67/100:s0
gov_action13tfag48nf94rtjcdq7c06vhkslmxxw9h6c88sl7q5g5nnewcsvlzgf074ea,8ad3d454f3496a35cb0d07b0fd32f687f66338b7d60e787fc0a22939e5d8833e,36,,100000000000,192688a334130db2b51aedea594301010b0d1d2e9a86a460932520ba,570,,TreasuryWithdrawals,"{""deposit"":100000000000,""reward_account"":{""network"":""Mainnet"",""credential"":{""AddrKeyHash"":""192688a334130db2b51aedea594301010b0d1d2e9a86a460932520ba""}},""gov_action_id"":{""transaction_id"":""8ad3d454f3496a35cb0d07b0fd32f687f66338b7d60e787fc0a22939e5d8833e"",""action_index"":36},""gov_action"":{""TreasuryWithdrawals"":{""rewards"":[[[241,133,131,133,126,74,18,255,225,230,246,65,161,120,90,15,47,3,108,86,92,251,230,255,157,184,229,164,105],104347000000]],""script_hash"":""fa24fb305126805cf2164c161d852a0e7330cf988f1fe558cf7d4a64""}},""anchor"":{""url"":""ipfs://bafkreig4bosl5dfpmtqguybf4yaffkwo5hcaxxy2k7wlbwdl57twojfk2i"",""data_hash"":""82285aab3908be1a26b7c05cc79afce7eae51f895bcc2cbd70333c8d364000fa""}}",,Some(575),Some(576),,,cy6/n0/a0:dy3691428777058485/n217692878159715/a275355405652978:sy0/n45496368600861/a8651643168729505,c2/3:d67/100:s0
gov_action193leqzml768nz7nmpepzx822a5mzyanqhtewaxjtul5gp6uhwvfsqgl2qg0,2c7f900b7ff68f317a7b0e42231d4aed36227660baf2ee9a4be7e880eb977313,0,,100000000000,192688a334130db2b51aedea594301010b0d1d2e9a86a460932520ba,570,,TreasuryWithdrawals,"{""deposit"":100000000000,""reward_account"":{""network"":""Mainnet"",""credential"":{""AddrKeyHash"":""192688a334130db2b51aedea594301010b0d1d2e9a86a460932520ba""}},""gov_action_id"":{""transaction_id"":""2c7f900b7ff68f317a7b0e42231d4aed36227660baf2ee9a4be7e880eb977313"",""action_index"":0},""gov_action"":{""TreasuryWithdrawals"":{""rewards"":[[[241,133,131,133,126,74,18,255,225,230,246,65,161,120,90,15,47,3,108,86,92,251,230,255,157,184,229,164,105],99600000000]],""script_hash"":""fa24fb305126805cf2164c161d852a0e7330cf988f1fe558cf7d4a64""}},""anchor"":{""url"":""ipfs://bafkreibelpp2qzjcpeizeobf57tmhl4q6kauutytdve3mqzzjxzp2jqjxm"",""data_hash"":""f0c794a2c0168a534828149ba95e21ef81bfbc659e1461a28c38cb7fb423fec1""}}",,Some(575),Some(576),,,cy6/n0/a0:dy3634680882874267/n162594355067884/a272311998221906:sy0/n45496368600861/a8651643168729505,c2/3:d67/100:s0
gov_action1f9da8n2yaf4updxzmwc7fnw8ug2gwnpvqays5n3yw6nz0mu3z2qqq6ggge9,495bd3cd44ea6bc0b4c2dbb1e4cdc7e214874c2c07490a4e2476a627ef911280,0,,100000000000,eb48b72735ee0e97154ad84fdad93bb27aaf7d052e2f500e4a3bd4a8,569,,Information,"{""deposit"":100000000000,""reward_account"":{""network"":""Mainnet"",""credential"":{""AddrKeyHash"":""eb48b72735ee0e97154ad84fdad93bb27aaf7d052e2f500e4a3bd4a8""}},""gov_action_id"":{""transaction_id"":""495bd3cd44ea6bc0b4c2dbb1e4cdc7e214874c2c07490a4e2476a627ef911280"",""action_index"":0},""gov_action"":""Information"",""anchor"":{""url"":""https://most-brass-sun.quicknode-ipfs.com/ipfs/QmQTpreux4fpWQ5jL4gxZVp7Zx6KNWnoRsj1ApU79c8Y2B"",""data_hash"":""215ed153e091e5146cb2e151a78403fa4c0b91034db6a1d3f0291f454d272009""}}",,,,,Some(576),cy3/n4/a0:dy2140276882617386/n1369738822822482/a326039392933833:sy1708960218252/n196799911508065/a8656371416951736,c0:d1:s1
gov_action13tfag48nf94rtjcdq7c06vhkslmxxw9h6c88sl7q5g5nnewcsvlpjq3z9u5,8ad3d454f3496a35cb0d07b0fd32f687f66338b7d60e787fc0a22939e5d8833e,25,,100000000000,192688a334130db2b51aedea594301010b0d1d2e9a86a460932520ba,570,,TreasuryWithdrawals,"{""deposit"":100000000000,""reward_account"":{""network"":""Mainnet"",""credential"":{""AddrKeyHash"":""192688a334130db2b51aedea594301010b0d1d2e9a86a460932520ba""}},""gov_action_id"":{""transaction_id"":""8ad3d454f3496a35cb0d07b0fd32f687f66338b7d60e787fc0a22939e5d8833e"",""action_index"":25},""gov_action"":{""TreasuryWithdrawals"":{""rewards"":[[[241,133,131,133,126,74,18,255,225,230,246,65,161,120,90,15,47,3,108,86,92,251,230,255,157,184,229,164,105],6000000000000]],""script_hash"":""fa24fb305126805cf2164c161d852a0e7330cf988f1fe558cf7d4a64""}},""anchor"":{""url"":""ipfs://bafkreihhdmx6eumwipv4zlhlrbbkz6uj52y6xpzpjgwfnkzzzamtqgmq4u"",""data_hash"":""84772ee63ebacc574a240ed9a4c87b0c9dbd52539f7d648582d3941cd62ae307""}}",,Some(576),Some(577),,,cy7/n0/a0:dy3750995207248736/n609142498658571/a165061586063892:sy0/n44952324474826/a8656516562367467,c2/3:d67/100:s0
gov_action13tfag48nf94rtjcdq7c06vhkslmxxw9h6c88sl7q5g5nnewcsvlp5u7pqqr,8ad3d454f3496a35cb0d07b0fd32f687f66338b7d60e787fc0a22939e5d8833e,26,,100000000000,192688a334130db2b51aedea594301010b0d1d2e9a86a460932520ba,570,,TreasuryWithdrawals,"{""deposit"":100000000000,""reward_account"":{""network"":""Mainnet"",""credential"":{""AddrKeyHash"":""192688a334130db2b51aedea594301010b0d1d2e9a86a460932520ba""}},""gov_action_id"":{""transaction_id"":""8ad3d454f3496a35cb0d07b0fd32f687f66338b7d60e787fc0a22939e5d8833e"",""action_index"":26},""gov_action"":{""TreasuryWithdrawals"":{""rewards"":[[[241,133,131,133,126,74,18,255,225,230,246,65,161,120,90,15,47,3,108,86,92,251,230,255,157,184,229,164,105],12000000000000]],""script_hash"":""fa24fb305126805cf2164c161d852a0e7330cf988f1fe558cf7d4a64""}},""anchor"":{""url"":""ipfs://bafkreidlb2fusg7asmfcnugcrzmfkhk6sb32b4st5ieji2q3oxmbhm6sma"",""data_hash"":""97de3986c77d6dae95e6e41f8aca5485e27392c186e77a8633d47fd2046c975d""}}",,Some(576),Some(577),,,cy7/n0/a0:dy3606714616273518/n378929540047915/a458939564118305:sy0/n44952324474826/a8656516562367467,c2/3:d67/100:s0
gov_action13tfag48nf94rtjcdq7c06vhkslmxxw9h6c88sl7q5g5nnewcsvlpx66gmxa,8ad3d454f3496a35cb0d07b0fd32f687f66338b7d60e787fc0a22939e5d8833e,19,,100000000000,192688a334130db2b51aedea594301010b0d1d2e9a86a460932520ba,570,,TreasuryWithdrawals,"{""deposit"":100000000000,""reward_account"":{""network"":""Mainnet"",""credential"":{""AddrKeyHash"":""192688a334130db2b51aedea594301010b0d1d2e9a86a460932520ba""}},""gov_action_id"":{""transaction_id"":""8ad3d454f3496a35cb0d07b0fd32f687f66338b7d60e787fc0a22939e5d8833e"",""action_index"":19},""gov_action"":{""TreasuryWithdrawals"":{""rewards"":[[[241,133,131,133,126,74,18,255,225,230,246,65,161,120,90,15,47,3,108,86,92,251,230,255,157,184,229,164,105],605000000000]],""script_hash"":""fa24fb305126805cf2164c161d852a0e7330cf988f1fe558cf7d4a64""}},""anchor"":{""url"":""ipfs://bafkreihd2hqcfvssop4aqxxqoch63ds6mkpapsfm7j7onyvemzayiby4ua"",""data_hash"":""13b431cf1bf0c152fb7e06906978446f5bcafa88f75c7943c0c3b9d2fed22e6a""}}",,Some(577),Some(578),,,cy7/n0/a0:dy4121486232014310/n664103610612768/a138908857512380:sy0/n44744617306536/a8630701195991335,c2/3:d67/100:s0
gov_action13tfag48nf94rtjcdq7c06vhkslmxxw9h6c88sl7q5g5nnewcsvlpvhtd5td,8ad3d454f3496a35cb0d07b0fd32f687f66338b7d60e787fc0a22939e5d8833e,22,,100000000000,192688a334130db2b51aedea594301010b0d1d2e9a86a460932520ba,570,,TreasuryWithdrawals,"{""deposit"":100000000000,""reward_account"":{""network"":""Mainnet"",""credential"":{""AddrKeyHash"":""192688a334130db2b51aedea594301010b0d1d2e9a86a460932520ba""}},""gov_action_id"":{""transaction_id"":""8ad3d454f3496a35cb0d07b0fd32f687f66338b7d60e787fc0a22939e5d8833e"",""action_index"":22},""gov_action"":{""TreasuryWithdrawals"":{""rewards"":[[[241,133,131,133,126,74,18,255,225,230,246,65,161,120,90,15,47,3,108,86,92,251,230,255,157,184,229,164,105],592780000000]],""script_hash"":""fa24fb305126805cf2164c161d852a0e7330cf988f1fe558cf7d4a64""}},""anchor"":{""url"":""ipfs://bafkreigltrp3abb6s667vrtnyspriii2j4wg25cieulbn26s3v36d4qsay"",""data_hash"":""0fea1e7935a6a4257cf894d12c10ce650bf760b1bfa5cd13f51de6f7cdde9f6a""}}",,Some(577),Some(578),,,cy7/n0/a0:dy3768126103259465/n440967312862678/a690875345973976:sy0/n44744617306536/a8630701195991335,c2/3:d67/100:s0
gov_action13tfag48nf94rtjcdq7c06vhkslmxxw9h6c88sl7q5g5nnewcsvlpk0mqrnw,8ad3d454f3496a35cb0d07b0fd32f687f66338b7d60e787fc0a22939e5d8833e,27,,100000000000,192688a334130db2b51aedea594301010b0d1d2e9a86a460932520ba,570,,TreasuryWithdrawals,"{""deposit"":100000000000,""reward_account"":{""network"":""Mainnet"",""credential"":{""AddrKeyHash"":""192688a334130db2b51aedea594301010b0d1d2e9a86a460932520ba""}},""gov_action_id"":{""transaction_id"":""8ad3d454f3496a35cb0d07b0fd32f687f66338b7d60e787fc0a22939e5d8833e"",""action_index"":27},""gov_action"":{""TreasuryWithdrawals"":{""rewards"":[[[241,133,131,133,126,74,18,255,225,230,246,65,161,120,90,15,47,3,108,86,92,251,230,255,157,184,229,164,105],1500000000000]],""script_hash"":""fa24fb305126805cf2164c161d852a0e7330cf988f1fe558cf7d4a64""}},""anchor"":{""url"":""ipfs://bafkreicek47fmmvljbc2bjosg23x7hj5h7ijg7on447oy5gfuii7opgm6y"",""data_hash"":""e0b3334da88a7d80049cda2f4bd4491582d79fc8f76311eb83f030474ddc3186""}}",,,,,Some(577),cy7/n0/a0:dy3061734220372061/n1406286070266649/a252665259350252:sy0/n44744617306536/a8630701195991335,c2/3:d67/100:s0
gov_action13tfag48nf94rtjcdq7c06vhkslmxxw9h6c88sl7q5g5nnewcsvlpcdq823y,8ad3d454f3496a35cb0d07b0fd32f687f66338b7d60e787fc0a22939e5d8833e,28,,100000000000,192688a334130db2b51aedea594301010b0d1d2e9a86a460932520ba,570,,TreasuryWithdrawals,"{""deposit"":100000000000,""reward_account"":{""network"":""Mainnet"",""credential"":{""AddrKeyHash"":""192688a334130db2b51aedea594301010b0d1d2e9a86a460932520ba""}},""gov_action_id"":{""transaction_id"":""8ad3d454f3496a35cb0d07b0fd32f687f66338b7d60e787fc0a22939e5d8833e"",""action_index"":28},""gov_action"":{""TreasuryWithdrawals"":{""rewards"":[[[241,133,131,133,126,74,18,255,225,230,246,65,161,120,90,15,47,3,108,86,92,251,230,255,157,184,229,164,105],3126000000000]],""script_hash"":""fa24fb305126805cf2164c161d852a0e7330cf988f1fe558cf7d4a64""}},""anchor"":{""url"":""ipfs://bafkreidb56gwlzeuzav2xfubcbqa7txllbl2byiadnlxjdr2dgaqgb7z4m"",""data_hash"":""c75b301ed27728ca5f3f12393b6d289560a26984d2683083a14af527279a4b37""}}",,Some(577),Some(578),,,cy6/n1/a0:dy3622367743537839/n921526504063058/a216821507675663:sy0/n44744617306536/a8630701195991335,c2/3:d67/100:s0
gov_action13tfag48nf94rtjcdq7c06vhkslmxxw9h6c88sl7q5g5nnewcsvlp679xfzf,8ad3d454f3496a35cb0d07b0fd32f687f66338b7d60e787fc0a22939e5d8833e,29,,100000000000,192688a334130db2b51aedea594301010b0d1d2e9a86a460932520ba,570,,TreasuryWithdrawals,"{""deposit"":100000000000,""reward_account"":{""network"":""Mainnet"",""credential"":{""AddrKeyHash"":""192688a334130db2b51aedea594301010b0d1d2e9a86a460932520ba""}},""gov_action_id"":{""transaction_id"":""8ad3d454f3496a35cb0d07b0fd32f687f66338b7d60e787fc0a22939e5d8833e"",""action_index"":29},""gov_action"":{""TreasuryWithdrawals"":{""rewards"":[[[241,133,131,133,126,74,18,255,225,230,246,65,161,120,90,15,47,3,108,86,92,251,230,255,157,184,229,164,105],889500000000]],""script_hash"":""fa24fb305126805cf2164c161d852a0e7330cf988f1fe558cf7d4a64""}},""anchor"":{""url"":""ipfs://bafkreicewinu7ogkkxho7ubwpi6q4iy2xqs2pv4lhvueyz6qe3rkc2icru"",""data_hash"":""2b5c10989138f68e18b3ecf2f762cb0dd5eb233b0e68d6265b5944ac45261425""}}",,Some(577),Some(578),,,cy7/n0/a0:dy3518969497006012/n669287839991438/a536880209540720:sy0/n44744617306536/a8630701195991335,c2/3:d67/100:s0
gov_action13tfag48nf94rtjcdq7c06vhkslmxxw9h6c88sl7q5g5nnewcsvlpuz29v77,8ad3d454f3496a35cb0d07b0fd32f687f66338b7d60e787fc0a22939e5d8833e,30,,100000000000,192688a334130db2b51aedea594301010b0d1d2e9a86a460932520ba,570,,TreasuryWithdrawals,"{""deposit"":100000000000,""reward_account"":{""network"":""Mainnet"",""credential"":{""AddrKeyHash"":""192688a334130db2b51aedea594301010b0d1d2e9a86a460932520ba""}},""gov_action_id"":{""transaction_id"":""8ad3d454f3496a35cb0d07b0fd32f687f66338b7d60e787fc0a22939e5d8833e"",""action_index"":30},""gov_action"":{""TreasuryWithdrawals"":{""rewards"":[[[241,133,131,133,126,74,18,255,225,230,246,65,161,120,90,15,47,3,108,86,92,251,230,255,157,184,229,164,105],3000000000000]],""script_hash"":""fa24fb305126805cf2164c161d852a0e7330cf988f1fe558cf7d4a64""}},""anchor"":{""url"":""ipfs://bafkreidccjzvdy7np2uybq22w4n52cqu2qguoaws4o3j3wvu2rk4n27npq"",""data_hash"":""de0a1dc8171a2b2a55eb65413c8ec85e62a8fb12dd339dee954c1a23e6fe4555""}}",,,,,Some(577),cy7/n0/a0:dy2537505679517741/n1635846912823668/a781042771571088:sy0/n44744617306536/a8630701195991335,c2/3:d67/100:s0
gov_action13tfag48nf94rtjcdq7c06vhkslmxxw9h6c88sl7q5g5nnewcsvlzxt5eumh,8ad3d454f3496a35cb0d07b0fd32f687f66338b7d60e787fc0a22939e5d8833e,35,,100000000000,192688a334130db2b51aedea594301010b0d1d2e9a86a460932520ba,570,,TreasuryWithdrawals,"{""deposit"":100000000000,""reward_account"":{""network"":""Mainnet"",""credential"":{""AddrKeyHash"":""192688a334130db2b51aedea594301010b0d1d2e9a86a460932520ba""}},""gov_action_id"":{""transaction_id"":""8ad3d454f3496a35cb0d07b0fd32f687f66338b7d60e787fc0a22939e5d8833e"",""action_index"":35},""gov_action"":{""TreasuryWithdrawals"":{""rewards"":[[[241,133,131,133,126,74,18,255,225,230,246,65,161,120,90,15,47,3,108,86,92,251,230,255,157,184,229,164,105],750000000000]],""script_hash"":""fa24fb305126805cf2164c161d852a0e7330cf988f1fe558cf7d4a64""}},""anchor"":{""url"":""ipfs://bafkreicjt5d4y7phbqwyhfkmtz75u2nck3is5cuywkcisnmtsuibdrm3li"",""data_hash"":""1d6faf578358ce2f2a2ce53611e23deefe2710f850410d4c75d362b7b710ac8e""}}",,Some(577),Some(578),,,cy7/n0/a0:dy3754783032289090/n686165415147102/a345314736197581:sy0/n44744617306536/a8630701195991335,c2/3:d67/100:s0
gov_action1g7sw0f8e8qa34lppj2erksvzf4j6e9udwaq6efslc8apdqeazygsq2spyyt,47a0e7a4f9383b1afc2192b23b41824d65ac978d7741aca61fc1fa16833d1111,0,,100000000000,192688a334130db2b51aedea594301010b0d1d2e9a86a460932520ba,573,,UpdateCommittee,"{""deposit"":100000000000,""reward_account"":{""network"":""Mainnet"",""credential"":{""AddrKeyHash"":""192688a334130db2b51aedea594301010b0d1d2e9a86a460932520ba""}},""gov_action_id"":{""transaction_id"":""47a0e7a4f9383b1afc2192b23b41824d65ac978d7741aca61fc1fa16833d1111"",""action_index"":0},""gov_action"":{""UpdateCommittee"":{""previous_action_id"":null,""data"":{""removed_committee_members"":[{""ScriptHash"":""f0dc2c00d92a45521267be2d5de1c485f6f9d14466d7e16062897cf7""},{""ScriptHash"":""df0e83bde65416dade5b1f97e7f115cc1ff999550ad968850783fe50""},{""ScriptHash"":""ce8b37a72b178a37bbd3236daa7b2c158c9d3604e7aa667e6c6004b7""},{""ScriptHash"":""e8165b3328027ee0d74b1f07298cb092fd99aa7697a1436f5997f625""},{""ScriptHash"":""b6012034ba0a7e4afbbf2c7a1432f8824aee5299a48e38e41a952686""}],""new_committee_members"":[[{""ScriptHash"":""349e55f83e9af24813e6cb368df6a80d38951b2a334dfcdf26815558""},653],[{""ScriptHash"":""84aebcfd3e00d0f87af918fc4b5e00135f407e379893df7e7d392c6a""},726],[{""ScriptHash"":""9752e4306e5ae864441d21064f791174c8b626199b8e7a45f9e03b45""},726],[{""ScriptHash"":""9cc3f387623f45dae6a68b7096b0c2e403d8601a82dc40221ead41e2""},653],[{""AddrKeyHash"":""13493790d9b03483a1e1e684ea4faf1ee48a58f402574e7f2246f4d4""},653],[{""AddrKeyHash"":""dc0d6ef49590eb6880a50a00adde17596e6d76f7159572fa1ff85f2a""},653],[{""ScriptHash"":""1980dbf1ad624b0cb5410359b5ab14d008561994a6c2b6c53fabec00""},726]],""terms"":[2,3]}}},""anchor"":{""url"":""ipfs://bafkreicw6kinbtfwxygoj4jf7khextfq6a3yirlhkldhd7zizdq4xu2ghm"",""data_hash"":""2b225f65102d3eaffc87a84029237926e391d38fc2edb01b70004815e976339f""}}",,Some(580),Some(581),,,cy0/n0/a0:dy4314868062161205/n39484180309884/a117047215529172:sy9028234771226062/n50595148082531/a7137376038845021,c0:d67/100:s51/100
gov_action1fl6r784t2ffw7q96du2znhprw90r3xvrfugvqelgqewgxex42kdqq9tgrd5,4ff43f1eab5252ef00ba6f1429dc23715e3899834f10c067e8065c8364d5559a,0,,100000000000,28e35801c889b56600b218e29080235e3172f6da9fa06b0d6e0cb049,573,,TreasuryWithdrawals,"{""deposit"":100000000000,""reward_account"":{""network"":""Mainnet"",""credential"":{""AddrKeyHash"":""28e35801c889b56600b218e29080235e3172f6da9fa06b0d6e0cb049""}},""gov_action_id"":{""transaction_id"":""4ff43f1eab5252ef00ba6f1429dc23715e3899834f10c067e8065c8364d5559a"",""action_index"":0},""gov_action"":{""TreasuryWithdrawals"":{""rewards"":[[[225,40,227,88,1,200,137,181,102,0,178,24,226,144,128,35,94,49,114,246,218,159,160,107,13,110,12,176,73],5000000]],""script_hash"":""fa24fb305126805cf2164c161d852a0e7330cf988f1fe558cf7d4a64""}},""anchor"":{""url"":""https://raw.githubusercontent.com/snekadmin/Public/refs/heads/main/data.jsonld"",""data_hash"":""73de17cb7080e0b353c4adf33fa7d0f6b75c12ef1c0bd04f87cc8aa5464b3ef4""}}",,,,,Some(580),,
gov_action1r44w54hx553mz0sr4cc07f8tlxzj2sa57l2pt3l9pa2ldw42fc7sq5q3rtn,1d6aea56e6a523b13e03ae30ff24ebf9852543b4f7d415c7e50f55f6baaa4e3d,0,,100000000000,28e35801c889b56600b218e29080235e3172f6da9fa06b0d6e0cb049,573,,TreasuryWithdrawals,"{""deposit"":100000000000,""reward_account"":{""network"":""Mainnet"",""credential"":{""AddrKeyHash"":""28e35801c889b56600b218e29080235e3172f6da9fa06b0d6e0cb049""}},""gov_action_id"":{""transaction_id"":""1d6aea56e6a523b13e03ae30ff24ebf9852543b4f7d415c7e50f55f6baaa4e3d"",""action_index"":0},""gov_action"":{""TreasuryWithdrawals"":{""rewards"":[[[225,40,227,88,1,200,137,181,102,0,178,24,226,144,128,35,94,49,114,246,218,159,160,107,13,110,12,176,73],5000000000000]],""script_hash"":""fa24fb305126805cf2164c161d852a0e7330cf988f1fe558cf7d4a64""}},""anchor"":{""url"":""https://raw.githubusercontent.com/snekadmin/Public/refs/heads/main/data_final.jsonld"",""data_hash"":""2c6f7b5ff6456abf209329c4ce8b72e978722144ef67a60950f684cc8a2a7c0f""}}",,,,,Some(580),,
gov_action1ypajyms3pcfmkx93r87dxy6jpc8u6pst90ylhxj7t0rwjj43puasq0x9jrw,207b226e110e13bb18b119fcd313520e0fcd060b2bc9fb9a5e5bc6e94ab10f3b,0,"transaction: 8c653ee5c9800e6d31e79b5a7f7d4400c81d44717ad4db633dc18d4c07e4a4fd, action_index: 0",100000000000,29b3155178e987f4eb0e8b60bb5ef4498d960145fa23156744c89122,574,,NewConstitution,"{""deposit"":100000000000,""reward_account"":{""network"":""Mainnet"",""credential"":{""AddrKeyHash"":""29b3155178e987f4eb0e8b60bb5ef4498d960145fa23156744c89122""}},""gov_action_id"":{""transaction_id"":""207b226e110e13bb18b119fcd313520e0fcd060b2bc9fb9a5e5bc6e94ab10f3b"",""action_index"":0},""gov_action"":{""NewConstitution"":{""previous_action_id"":{""transaction_id"":""8c653ee5c9800e6d31e79b5a7f7d4400c81d44717ad4db633dc18d4c07e4a4fd"",""action_index"":0},""new_constitution"":{""anchor"":{""url"":""ipfs://bafkreiat3w662d6jnsuz2kpra2h5ve4xxij4jkl7kylf7jk6gw43q5b5ny"",""data_hash"":""170379f4c41a1833743837770e5bdb034c089a8edc835174e73a9c5b692676cc""},""guardrail_script"":""fa24fb305126805cf2164c161d852a0e7330cf988f1fe558cf7d4a64""}}},""anchor"":{""url"":""ipfs://bafkreig4vjv636y7yhc3va6u4u6euluzs7wxwas5ntwqrvyzafjnnbcsgu"",""data_hash"":""37669749785f79cb3eb5005779095fbd733156bdaf9e20e55f7d233cb5946874""}}",,,,,Some(581),cy4/n1/a2:dy2467755256532320/n936424002940094/a1237173626462130:sy0/n45301046538242/a9536216710187011,c2/3:d3/4:s0
gov_action13836fuy3yttxn4hkeqka398q9qnwsjtmul4sxc3nht7qae8uvejsqm7ukh8,89e3a4f09122d669d6f6c82dd894e02826e8497be7eb036233bafc0ee4fc6665,0,,100000000000,eb48b72735ee0e97154ad84fdad93bb27aaf7d052e2f500e4a3bd4a8,579,,Information,"{""deposit"":100000000000,""reward_account"":{""network"":""Mainnet"",""credential"":{""AddrKeyHash"":""eb48b72735ee0e97154ad84fdad93bb27aaf7d052e2f500e4a3bd4a8""}},""gov_action_id"":{""transaction_id"":""89e3a4f09122d669d6f6c82dd894e02826e8497be7eb036233bafc0ee4fc6665"",""action_index"":0},""gov_action"":""Information"",""anchor"":{""url"":""https://most-brass-sun.quicknode-ipfs.com/ipfs/QmTRrewK9MzARcCSYNFwmqizjFpMRK2kZhe9R6NJU4XHwJ"",""data_hash"":""103ff312c9aa10e80ac8c2b572e1c0a33975f22441b0a14d09bcbbb2310b11eb""}}",,,,,Some(586),cy6/n0/a0:dy439216187657840/n1408090659161406/a1518884020125960:sy543090286247/n242106288237615/a9533719041319756,c0:d1:s1
gov_action1jr84r96lnsvu9yd6c0jhxe9gj5r7vnd2pgkntc6klplxdpyzz4tqqc9uldx,90cf51975f9c19c291bac3e57364a89507e64daa0a2d35e356f87e6684821556,0,,100000000000,28e35801c889b56600b218e29080235e3172f6da9fa06b0d6e0cb049,580,,Information,"{""deposit"":100000000000,""reward_account"":{""network"":""Mainnet"",""credential"":{""AddrKeyHash"":""28e35801c889b56600b218e29080235e3172f6da9fa06b0d6e0cb049""}},""gov_action_id"":{""transaction_id"":""90cf51975f9c19c291bac3e57364a89507e64daa0a2d35e356f87e6684821556"",""action_index"":0},""gov_action"":""Information"",""anchor"":{""url"":""ipfs://bafkreiegpigegytetkwrqhftqphcqjkammmjipwq2d57s6xkfbtxiq3tei"",""data_hash"":""79e4b2c345da31819fad30408f6eebaee352dff03adbb1a3fd9f15187f5c7e57""}}",,,,,Some(587),cy6/n0/a1:dy3489046253331391/n521261328491917/a284006241300548:sy3426851643525/n166245906103365/a9546339215811044,c0:d1:s1
gov_action1u4jrcvlkppjzuv5j9z5ksacwtvv77h6glu0knpcjut8gvjjfu0cqqt3alsy,e5643c33f608642e329228a968770e5b19ef5f48ff1f698712e2ce864a49e3f0,0,,100000000000,3c8a5edce816ddfd8f1090488ef397c773b3affe2f770ff8e10c4364,582,,Information,"{""deposit"":100000000000,""reward_account"":{""network"":""Mainnet"",""credential"":{""AddrKeyHash"":""3c8a5edce816ddfd8f1090488ef397c773b3affe2f770ff8e10c4364""}},""gov_action_id"":{""transaction_id"":""e5643c33f608642e329228a968770e5b19ef5f48ff1f698712e2ce864a49e3f0"",""action_index"":0},""gov_action"":""Information"",""anchor"":{""url"":""ipfs://bafkreihk5qt5tgbojnno7eymbm2urm6y6jkt4yqfxdzh3agnj47zuv7lpe"",""data_hash"":""0e219503c6731b471ed8e5b21165a25cb5aa7fcc585277abad5d0a84251b3168""}}",,,,,Some(589),cy7/n0/a0:dy3906108205111709/n174308174386768/a317306356252009:sy28817874054907/n45783249552244/a9598428685826664,c0:d1:s1
gov_action1n9hdlcmshrj3hee4g8n4fxdgrprpxp0r03l6psd3j0evtpck0nrsqm57age,996edfe370b8e51be73541e75499a818461305e37c7fa0c1b193f2c587167cc7,0,,100000000000,f19fba06c1666e99f5d2c81d178f7059710c4463e7538c88f07f7b6a,583,,Information,"{""deposit"":100000000000,""reward_account"":{""network"":""Mainnet"",""credential"":{""AddrKeyHash"":""f19fba06c1666e99f5d2c81d178f7059710c4463e7538c88f07f7b6a""}},""gov_action_id"":{""transaction_id"":""996edfe370b8e51be73541e75499a818461305e37c7fa0c1b193f2c587167cc7"",""action_index"":0},""gov_action"":""Information"",""anchor"":{""url"":""ipfs://bafkreigc2vumhgcgfuouuk5ndom4dg3yxncuhdcsyirbkybggd5bv47sve"",""data_hash"":""19581423957b0f155170d04e8654374e205ab0e95ffa3a05c84b55ccc5deac70""}}",,,,,Some(590),cy2/n1/a3:dy997278290857122/n367384541309976/a1816418663416472:sy0/n45698959473492/a9593136408665107,c0:d1:s1
gov_action16tdkp3fs0j6303e4utgp8rftdug0ckezr4sslgv8wxdaeq40ngpsq5sr06h,d2db60c5307cb517c735e2d0138d2b6f10fc5b221d610fa187719bdc82af9a03,0,,100000000000,192688a334130db2b51aedea594301010b0d1d2e9a86a460932520ba,584,,TreasuryWithdrawals,"{""deposit"":100000000000,""reward_account"":{""network"":""Mainnet"",""credential"":{""AddrKeyHash"":""192688a334130db2b51aedea594301010b0d1d2e9a86a460932520ba""}},""gov_action_id"":{""transaction_id"":""d2db60c5307cb517c735e2d0138d2b6f10fc5b221d610fa187719bdc82af9a03"",""action_index"":0},""gov_action"":{""TreasuryWithdrawals"":{""rewards"":[[[241,133,131,133,126,74,18,255,225,230,246,65,161,120,90,15,47,3,108,86,92,251,230,255,157,184,229,164,105],1150000000000]],""script_hash"":""fa24fb305126805cf2164c161d852a0e7330cf988f1fe558cf7d4a64""}},""anchor"":{""url"":""ipfs://bafkreihju7a6zywpv3adaeeg4nnyrkewurng5csavsspmqsgikzg2suhry"",""data_hash"":""e2ed7354990674f1087cb3672f0418ed2dde4f7cad3190992cea0448d5ca5bc9""}}",,,,,Some(591),cy5/n1/a0:dy2792340522934316/n707295629745163/a627686749327693:sy0/n45744417418511/a9627744102521120,c2/3:d67/100:s0
gov_action1ezp0r9rgf4njx93p9uq7l3kjs9m739jm0ntf26vplcmucec4jc0qqxjlfrc,c882f194684d672316212f01efc6d28177e8965b7cd6956981fe37cc6715961e,0,"transaction: 8c653ee5c9800e6d31e79b5a7f7d4400c81d44717ad4db633dc18d4c07e4a4fd, action_index: 0",100000000000,29b3155178e987f4eb0e8b60bb5ef4498d960145fa23156744c89122,586,,NewConstitution,"{""deposit"":100000000000,""reward_account"":{""network"":""Mainnet"",""credential"":{""AddrKeyHash"":""29b3155178e987f4eb0e8b60bb5ef4498d960145fa23156744c89122""}},""gov_action_id"":{""transaction_id"":""c882f194684d672316212f01efc6d28177e8965b7cd6956981fe37cc6715961e"",""action_index"":0},""gov_action"":{""NewConstitution"":{""previous_action_id"":{""transaction_id"":""8c653ee5c9800e6d31e79b5a7f7d4400c81d44717ad4db633dc18d4c07e4a4fd"",""action_index"":0},""new_constitution"":{""anchor"":{""url"":""ipfs://bafkreibyaftvpujgjernbcj2rgrwg3fntsg37cxx5bdgpy4hyt4eki5r2e"",""data_hash"":""9fc568bb8ae398ff2e9b1cf7ca459c3648f865338a70248dd753aea175b0d4d4""},""guardrail_script"":""fa24fb305126805cf2164c161d852a0e7330cf988f1fe558cf7d4a64""}}},""anchor"":{""url"":""ipfs://bafkreig4ural237c4gczp4srzygsmlaquiibixiskus2lwy4a6vilivgiy"",""data_hash"":""bbdd72333d18e36283ef8cfd8959a9382c90a1fd864845ed62120882455aa8fb""}}",,,,,Some(593),cy5/n0/a2:dy3590875740729765/n1225549582466260/a81277431412049:sy0/n45930078568379/a9752785834263984,c2/3:d3/4:s0
gov_action16f69yf2f35w9ds8sr05ewyr55jg5f439mu8882rv295fvf8m4kcqql7y6nc,d2745225498d1c56c0f01be9971074a49144d625df0e73a86c51689624fbadb0,0,,100000000000,9f88bddf7c6f76364830694ec192181004c49d257e432102a1697f57,589,,Information,"{""deposit"":100000000000,""reward_account"":{""network"":""Mainnet"",""credential"":{""AddrKeyHash"":""9f88bddf7c6f76364830694ec192181004c49d257e432102a1697f57""}},""gov_action_id"":{""transaction_id"":""d2745225498d1c56c0f01be9971074a49144d625df0e73a86c51689624fbadb0"",""action_index"":0},""gov_action"":""Information"",""anchor"":{""url"":""ipfs://QmZdZ387ZfcDwQ4YYSPAvWX42gX1w8nGPdhbwk7gxTtNBE"",""data_hash"":""a1eb9dd13a5ca3f009a261ddc07575190f98a42b94d180815fb5f2c0805b907c""}}",,,,,Some(596),cy3/n0/a2:dy826330181712656/n1499395312386619/a1686856384803116:sy10764116819995/n46322066865454/a9864705237772023,c0:d1:s1
gov_action15dh2lt4qskmhl97vat8s0l552ruvddrlasa0jndg7lg43g0uju3qq78hvja,a36eafaea085b77f97cceacf07fe9450f8c6b47fec3af94da8f7d158a1fc9722,0,,100000000000,1ef0ec112a3c73539566bde6b6abe41bb79191c1baa69edfcb0581f2,590,,Information,"{""deposit"":100000000000,""reward_account"":{""network"":""Mainnet"",""credential"":{""AddrKeyHash"":""1ef0ec112a3c73539566bde6b6abe41bb79191c1baa69edfcb0581f2""}},""gov_action_id"":{""transaction_id"":""a36eafaea085b77f97cceacf07fe9450f8c6b47fec3af94da8f7d158a1fc9722"",""action_index"":0},""gov_action"":""Information"",""anchor"":{""url"":""https://ipfs.io/ipfs/QmeMvA4j38n46hye724etsdUoUMzQ3T9bvmHMJUtNRf9ps"",""data_hash"":""235613f1d231e9a877eab4599f2d6a693d8cb279e2bc9c94c5f42f53750a34f9""}}",,,,,Some(597),cy2/n0/a4:dy3987538581392175/n181876725067812/a141340002568358:sy449437443887555/n44302383678768/a9385291328115972,c0:d1:s1
gov_action1q0m8z7glm9cprucwf44hdjdfra8khnakpm3hu5ueh929hvljw4aqqzuxfxz,03f671791fd97011f30e4d6b76c9a91f4f6bcfb60ee37e5399b9545bb3f2757a,0,,100000000000,28e35801c889b56600b218e29080235e3172f6da9fa06b0d6e0cb049,590,,TreasuryWithdrawals,"{""deposit"":100000000000,""reward_account"":{""network"":""Mainnet"",""credential"":{""AddrKeyHash"":""28e35801c889b56600b218e29080235e3172f6da9fa06b0d6e0cb049""}},""gov_action_id"":{""transaction_id"":""03f671791fd97011f30e4d6b76c9a91f4f6bcfb60ee37e5399b9545bb3f2757a"",""action_index"":0},""gov_action"":{""TreasuryWithdrawals"":{""rewards"":[[[241,133,131,133,126,74,18,255,225,230,246,65,161,120,90,15,47,3,108,86,92,251,230,255,157,184,229,164,105],5000000000000]],""script_hash"":""fa24fb305126805cf2164c161d852a0e7330cf988f1fe558cf7d4a64""}},""anchor"":{""url"":""ipfs://bafkreidl43ghacdpczaims63glq5kepaa63d63cr5mrpznv56jdm7e2eny"",""data_hash"":""2c630b0662c474e69d40bae4a0619d6bf4947e3d6edc8e53c891b427299fbf10""}}",,Some(597),Some(598),,,cy6/n0/a1:dy3967460411346290/n265031472669532/a314508284602465:sy0/n44302383678768/a9385291328115972,c2/3:d67/100:s0
gov_action1x2zm0lgd59kjrc9clzgscdlh0ct62l8llr638h6t4a5jj4yqzzyqq2dgc7q,3285b7fd0da16d21e0b8f8910c37f77e17a57cfff8f513df4baf692954801088,0,,100000000000,eb48b72735ee0e97154ad84fdad93bb27aaf7d052e2f500e4a3bd4a8,590,,Information,"{""deposit"":100000000000,""reward_account"":{""network"":""Mainnet"",""credential"":{""AddrKeyHash"":""eb48b72735ee0e97154ad84fdad93bb27aaf7d052e2f500e4a3bd4a8""}},""gov_action_id"":{""transaction_id"":""3285b7fd0da16d21e0b8f8910c37f77e17a57cfff8f513df4baf692954801088"",""action_index"":0},""gov_action"":""Information"",""anchor"":{""url"":""https://most-brass-sun.quicknode-ipfs.com/ipfs/QmR7khTUdWyQFdNvyXDsuyZLUNsdfm7Ejo9wKfKdRE3ReG"",""data_hash"":""78c5d369af0bd488807d9bd15bf19c13e2cc063e96bd4ab17ed7f8a57a8ba1ba""}}",,,,,Some(597),cy4/n0/a1:dy3564770421347104/n50989072005712/a312469700182565:sy459968261789354/n44302383678768/a9385291328115972,c0:d1:s1
gov_action1fk4nx9zhkcdcyjaudwjtnkd7gagwyhqtth2zypawkc78gvdxkuzqqtvqdkv,4dab331457b61b824bbc6ba4b9d9be4750e25c0b5dd42207aeb63c7431a6b704,0,"transaction: 47a0e7a4f9383b1afc2192b23b41824d65ac978d7741aca61fc1fa16833d1111, action_index: 0",100000000000,192688a334130db2b51aedea594301010b0d1d2e9a86a460932520ba,599,,UpdateCommittee,"{""deposit"":100000000000,""reward_account"":{""network"":""Mainnet"",""credential"":{""AddrKeyHash"":""192688a334130db2b51aedea594301010b0d1d2e9a86a460932520ba""}},""gov_action_id"":{""transaction_id"":""4dab331457b61b824bbc6ba4b9d9be4750e25c0b5dd42207aeb63c7431a6b704"",""action_index"":0},""gov_action"":{""UpdateCommittee"":{""previous_action_id"":{""transaction_id"":""47a0e7a4f9383b1afc2192b23b41824d65ac978d7741aca61fc1fa16833d1111"",""action_index"":0},""data"":{""removed_committee_members"":[],""new_committee_members"":[[{""ScriptHash"":""16feefc225e06f75a3c917f4aa50acffde7631ea0355721f2ac12542""},653]],""terms"":[2,3]}}},""anchor"":{""url"":""ipfs://bafkreibqxuceexlhali4nhqo7tvsdzrcndzr775pv7wfsdq2lbxtyk4emu"",""data_hash"":""7580221cf917c3ec6c1fe0ddf7a518f7e9fd357bbe1528b6a24e91b1bba90797""}}",,Some(601),Some(602),,,cy0/n0/a0:dy4511800605272887/n0/a421175754704:sy6378760419221067/n18190693380913/a9073911633842584,c0:d67/100:s51/100
gov_action13a2dqgwxum7d6kjfprcs57cf9733ek2dkt5qnuhqd4ll5ntcwu7sqluwkxd,8f54d021c6e6fcdd5a4908f10a7b092fa31cd94db2e809f2e06d7ffa4d78773d,0,,100000000000,807b90d9b566cfa95e749836edf77bdf09207dc0825561fefbdc3a69,597,,Information,"{""deposit"":100000000000,""reward_account"":{""network"":""Mainnet"",""credential"":{""AddrKeyHash"":""807b90d9b566cfa95e749836edf77bdf09207dc0825561fefbdc3a69""}},""gov_action_id"":{""transaction_id"":""8f54d021c6e6fcdd5a4908f10a7b092fa31cd94db2e809f2e06d7ffa4d78773d"",""action_index"":0},""gov_action"":""Information"",""anchor"":{""url"":""ipfs://bafkreicbxui5lbdrgcpjwhlti3rqkxfnd3vveiinkcu2zak5bny435w4yq"",""data_hash"":""fec4cec86fe2c537c5f50c54dce3a200191d34c2330c2586792429aeeb05dc53""}}",,,,,Some(604),cy6/n0/a1:dy4800006048175099/n70765530612906/a50795613747671:sy1255163798774296/n26860603269071/a10079354247038730,c0:d1:s1
gov_action169kllwhfmp488je5x5rwvufd08p8sztdcf0ghf5sp6ey2gnjdwaqql47xry,d16dffbae9d86a73cb343506e6712d79c278096dc25e8ba6900eb24522726bba,0,,100000000000,9f88bddf7c6f76364830694ec192181004c49d257e432102a1697f57,597,,Information,"{""deposit"":100000000000,""reward_account"":{""network"":""Mainnet"",""credential"":{""AddrKeyHash"":""9f88bddf7c6f76364830694ec192181004c49d257e432102a1697f57""}},""gov_action_id"":{""transaction_id"":""d16dffbae9d86a73cb343506e6712d79c278096dc25e8ba6900eb24522726bba"",""action_index"":0},""gov_action"":""Information"",""anchor"":{""url"":""ipfs://Qmeme8EWugVPQeVghpqB53nvG5U4VT9zy3Ta545fEJPnqL"",""data_hash"":""25b56befe5ef4e472e3020b81162b4076f4e274f68fcdacb2ec686ca6197771e""}}",,,,,Some(604),cy6/n0/a1:dy4848244737934185/n7025451718875/a34384955160:sy789006417083317/n26860603269071/a10077935858114545,c0:d1:s1
gov_action1lqun78lcznfa2gek49m3ydslakfnm8heargfp8sax9fk54yl6ghsqp042zv,f8393f1ff814d3d52336a97712361fed933d9ef9e8d0909e1d31536a549fd22f,0,,100000000000,192688a334130db2b51aedea594301010b0d1d2e9a86a460932520ba,599,,TreasuryWithdrawals,"{""deposit"":100000000000,""reward_account"":{""network"":""Mainnet"",""credential"":{""AddrKeyHash"":""192688a334130db2b51aedea594301010b0d1d2e9a86a460932520ba""}},""gov_action_id"":{""transaction_id"":""f8393f1ff814d3d52336a97712361fed933d9ef9e8d0909e1d31536a549fd22f"",""action_index"":0},""gov_action"":{""TreasuryWithdrawals"":{""rewards"":[[[241,133,131,133,126,74,18,255,225,230,246,65,161,120,90,15,47,3,108,86,92,251,230,255,157,184,229,164,105],70000000000000]],""script_hash"":""fa24fb305126805cf2164c161d852a0e7330cf988f1fe558cf7d4a64""}},""anchor"":{""url"":""ipfs://bafkreiecqskxkmakkrzrs2xs2olh5jcwbuz5qr5gesp6merwcaydcaojiq"",""data_hash"":""1ff4e21156b94a8609545f96e68f005fcd1bf4c790fb6f613b7f8e49e1e71da6""}}",,Some(605),Some(606),,,cy6/n1/a0:dy4746755676557955/n72040858445791/a13368245954833:sy0/n46305730935684/a10098470029395561,c2/3:d67/100:s0
gov_action1aw809r9gpk7eemt02alszw7lceyf0505uvntavm62rakkckr3nxsqd54zm8,eb8ef28ca80dbd9ced6f577f013bdfc64897d1f4e326beb37a50fb6b62c38ccd,0,"transaction: 4dab331457b61b824bbc6ba4b9d9be4750e25c0b5dd42207aeb63c7431a6b704, action_index: 0",100000000000,9f88bddf7c6f76364830694ec192181004c49d257e432102a1697f57,600,,UpdateCommittee,"{""deposit"":100000000000,""reward_account"":{""network"":""Mainnet"",""credential"":{""AddrKeyHash"":""9f88bddf7c6f76364830694ec192181004c49d257e432102a1697f57""}},""gov_action_id"":{""transaction_id"":""eb8ef28ca80dbd9ced6f577f013bdfc64897d1f4e326beb37a50fb6b62c38ccd"",""action_index"":0},""gov_action"":{""UpdateCommittee"":{""previous_action_id"":{""transaction_id"":""4dab331457b61b824bbc6ba4b9d9be4750e25c0b5dd42207aeb63c7431a6b704"",""action_index"":0},""data"":{""removed_committee_members"":[],""new_committee_members"":[[{""AddrKeyHash"":""c46a3789d71bc0a27d1c381909289978797a60c5f67aa8bc2b26ab92""},653]],""terms"":[2,3]}}},""anchor"":{""url"":""ipfs://Qme6n18tBndukAbRyvHc6MMj8WrjsBnppYvTAmsm3SHa4y"",""data_hash"":""84e66f959fdecfd86708a5e9cad50b24bcf2da97186182abedd2aa046447a4b2""}}",,,,,Some(607),cy0/n0/a0:dy2877889846834697/n1241981100256213/a341130233065710:sy2222266312972494/n43490022392581/a10218293877136094,c0:d67/100:s51/100
gov_action18fd7jwa06fksmwumlcvlft8v4guvaa672qsp6xgenekvs4kmvcqsq8cqks4,3a5be93bafd26d0dbb9bfe19f4acecaa38cef75e50201d19199e6cc856db6601,0,,100000000000,192688a334130db2b51aedea594301010b0d1d2e9a86a460932520ba,601,,Information,"{""deposit"":100000000000,""reward_account"":{""network"":""Mainnet"",""credential"":{""AddrKeyHash"":""192688a334130db2b51aedea594301010b0d1d2e9a86a460932520ba""}},""gov_action_id"":{""transaction_id"":""3a5be93bafd26d0dbb9bfe19f4acecaa38cef75e50201d19199e6cc856db6601"",""action_index"":0},""gov_action"":""Information"",""anchor"":{""url"":""ipfs://bafkreifxxz6n33l5umvgxdoxzp35gsnbzvi63slmeqnwg3pj4gsrwnzr4e"",""data_hash"":""4fbbbd12cf0f2a4be498627a5c99d95762690eb57e276089f5d646877f95cf59""}}",,,,,Some(608),cy2/n0/a2:dy3766663816167367/n491344640993568/a130262262912076:sy1075047796685991/n43356872045226/a10223618532378028,c0:d1:s1
gov_action1jxne7hynfd7frcczwumd2eggps4kvy0msjztz9t0mutpy870ksgqqp6vp3p,91a79f5c934b7c91e3027736d565080c2b6611fb8484b1156fdf16121fcfb410,0,"transaction: 8c653ee5c9800e6d31e79b5a7f7d4400c81d44717ad4db633dc18d4c07e4a4fd, action_index: 0",100000000000,29b3155178e987f4eb0e8b60bb5ef4498d960145fa23156744c89122,601,,NewConstitution,"{""deposit"":100000000000,""reward_account"":{""network"":""Mainnet"",""credential"":{""AddrKeyHash"":""29b3155178e987f4eb0e8b60bb5ef4498d960145fa23156744c89122""}},""gov_action_id"":{""transaction_id"":""91a79f5c934b7c91e3027736d565080c2b6611fb8484b1156fdf16121fcfb410"",""action_index"":0},""gov_action"":{""NewConstitution"":{""previous_action_id"":{""transaction_id"":""8c653ee5c9800e6d31e79b5a7f7d4400c81d44717ad4db633dc18d4c07e4a4fd"",""action_index"":0},""new_constitution"":{""anchor"":{""url"":""ipfs://bafkreieyuknozbtewyurfqoagvplvykadn6a4u6wglupavdz46bbsnnl6e"",""data_hash"":""b368bdad83c727bbfe86425575233fb914eb76d05d89497f7790cf007fd95f52""},""guardrail_script"":""fa24fb305126805cf2164c161d852a0e7330cf988f1fe558cf7d4a64""}}},""anchor"":{""url"":""ipfs://bafkreigxpweqv2rnh7ajt5hzdq6gikogmaq3nbyof5uvdntc4hkg52ghqy"",""data_hash"":""6c5645b67cca1f39323984f97ea2d5f5a68423c592407e241b0637e26d244591""}}",,Some(608),Some(609),,,cy6/n1/a0:dy4494782519335757/n162995012602385/a56800125337821:sy0/n43356872045226/a10223618532378028,c2/3:d3/4:s0
gov_action15ce4qnwug759939wqv782pvh6qg68khspg8kh02gmex99mcsytwqqqr7jkr,a633504ddc47a852c4ae033c750597d011a3daf00a0f6bbd48de4c52ef1022dc,0,,100000000000,4e122bbc1f2d99f1c85f8e298bd2195f28cace49b3752fc2fa33a11f,603,,Information,"{""deposit"":100000000000,""reward_account"":{""network"":""Mainnet"",""credential"":{""AddrKeyHash"":""4e122bbc1f2d99f1c85f8e298bd2195f28cace49b3752fc2fa33a11f""}},""gov_action_id"":{""transaction_id"":""a633504ddc47a852c4ae033c750597d011a3daf00a0f6bbd48de4c52ef1022dc"",""action_index"":0},""gov_action"":""Information"",""anchor"":{""url"":""ipfs://QmP25wNHBBh62eRUBnRbvpXz2DFJ5aQBgbqMq27zpHXNjs"",""data_hash"":""e3c9095166ee0a62a5b251b605f5316e1e585b993fbb9af5dece15893349c387""}}",,,,,Some(610),cy3/n0/a1:dy656154489038185/n3135319480126363/a294795582538635:sy2460881379418/n94398037093003/a10905703376747957,c0:d1:s1
gov_action1m3xx08yv788vfxqh6nfvrjtvmqpwezsy0ggaczctkyjmttc2wmxsq4jsr7q,dc4c679c8cf1cec49817d4d2c1c96cd802ec8a047a11dc0b0bb125b5af0a76cd,0,,100000000000,192688a334130db2b51aedea594301010b0d1d2e9a86a460932520ba,605,,Information,"{""deposit"":100000000000,""reward_account"":{""network"":""Mainnet"",""credential"":{""AddrKeyHash"":""192688a334130db2b51aedea594301010b0d1d2e9a86a460932520ba""}},""gov_action_id"":{""transaction_id"":""dc4c679c8cf1cec49817d4d2c1c96cd802ec8a047a11dc0b0bb125b5af0a76cd"",""action_index"":0},""gov_action"":""Information"",""anchor"":{""url"":""ipfs://bafkreidpcmogdet4beysyxq4u7l2qywplbfnahudyevqjcu2yxiceurn3u"",""data_hash"":""ed54ad31d48602ce7c30eba13c209c71dcb63d6eb9906345a3367acec65175ad""}}",,,,,Some(612),cy4/n0/a0:dy3521599567564353/n320774761799390/a53756967788819:sy1211712159420600/n56175614864989/a10077266670642302,c0:d1:s1
gov_action13pzmlsmmktmfareqpl3gzj9nm63ugwvmp3y7urkjhd8rf89tn6msq95mp3f,8845bfc37bb2f69e8f200fe28148b3dea3c4399b0c49ee0ed2bb4e349cab9eb7,0,,100000000000,192688a334130db2b51aedea594301010b0d1d2e9a86a460932520ba,606,,Information,"{""deposit"":100000000000,""reward_account"":{""network"":""Mainnet"",""credential"":{""AddrKeyHash"":""192688a334130db2b51aedea594301010b0d1d2e9a86a460932520ba""}},""gov_action_id"":{""transaction_id"":""8845bfc37bb2f69e8f200fe28148b3dea3c4399b0c49ee0ed2bb4e349cab9eb7"",""action_index"":0},""gov_action"":""Information"",""anchor"":{""url"":""ipfs://bafkreiaaevieqcufh6or65xtva2r2txy2tre45p4vlesfz5l3l5kpd6djm"",""data_hash"":""25dcffe8d87e955b1637272b3650907e2cd9af7c914c1f6600c88ad97adc2469""}}",,,,,Some(613),cy5/n0/a1:dy4435075864295799/n1557602430987/a495529682639502:sy1984026512102347/n41549607973175/a10230743196153293,c0:d1:s1
gov_action1cgdsp7g0rr7wgqp7maptpvx525fxuqwfgm5qe3f5r20ew5x2772sq0m5y83,c21b00f90f18fce4003edf42b0b0d455126e01c946e80cc5341a9f9750caf795,0,"transaction: b2a591ac219ce6dcca5847e0248015209c7cb0436aa6bd6863d0c1f152a60bc5, action_index: 0",100000000000,192688a334130db2b51aedea594301010b0d1d2e9a86a460932520ba,606,,ParameterChange,"{""deposit"":100000000000,""reward_account"":{""network"":""Mainnet"",""credential"":{""AddrKeyHash"":""192688a334130db2b51aedea594301010b0d1d2e9a86a460932520ba""}},""gov_action_id"":{""transaction_id"":""c21b00f90f18fce4003edf42b0b0d455126e01c946e80cc5341a9f9750caf795"",""action_index"":0},""gov_action"":{""ParameterChange"":{""previous_action_id"":{""transaction_id"":""b2a591ac219ce6dcca5847e0248015209c7cb0436aa6bd6863d0c1f152a60bc5"",""action_index"":0},""protocol_param_update"":{""max_tx_ex_units"":{""mem"":16500000,""steps"":10000000000},""max_block_ex_units"":{""mem"":72000000,""steps"":20000000000}},""script_hash"":""fa24fb305126805cf2164c161d852a0e7330cf988f1fe558cf7d4a64""}},""anchor"":{""url"":""ipfs://bafkreifwx5z25x6bh5vcwgvzrajy7qlgisukglywjjduwfsrsnp752pqca"",""data_hash"":""f7e237031c174ba58190950350cc8c3ed940d4268bcc75e7f29080370ad34a55""}}",,Some(613),Some(614),,,cy6/n0/a0:dy4995622431737537/n183751165868532/a21167569375007:sy7288387790456410/n92813810367476/a9080866417754288,c2/3:d67/100:s51/100
